,lot_lotsize1,lot_lotsize2,lot_pooltype,area_blockNum,area_subdname,area_taxcodearea,address_line1,address_locality,address_postal2,address_postal3,location_accuracy,location_geoIdV4_CO,summary_proptype,summary_propertyType,summary_yearbuilt,summary_propIndicator,utilities_heatingtype,building_size_bldgsize,building_size_grosssize,building_size_grosssizeadjusted,building_size_livingsize,building_size_sizeInd,building_size_universalsize,building_rooms_bathsfull,building_rooms_bathstotal,building_interior_bsmtsize,building_interior_bsmttype,building_interior_fplcind,building_interior_fplctype,building_construction_constructiontype,building_construction_roofcover,building_construction_roofShape,building_construction_wallType,building_parking_garagetype,building_parking_prkgSize,building_parking_prkgSpaces,building_parking_prkgType,building_summary_archStyle,building_summary_bldgType,building_summary_imprType,building_summary_levels,building_summary_quality,building_summary_storyDesc,building_summary_viewCode,sale_amount_saletranstype,sale_amount_saleamt,sale_calculation_pricepersizeunit
2,0.8264463,36000,0,4,0,117,504,0,13,6,1,0,1,1,1978,0,1,1366,2378,1366,1366,1,1366,2,2.0,1012.0,0,1,2,0,1,0,4,4,528.0,2,3,2,0,0,1,0,0,0,1,253521.0,185.59
4,0.2238292,9750,0,6,4,150,506,0,11,1,1,0,1,1,1965,0,1,960,2232,960,960,1,960,2,2.0,960.0,0,1,2,0,1,0,0,5,888.0,3,4,2,0,0,1,2,0,0,1,357688.0,372.59
5,0.137741,6000,0,17,6,150,505,0,12,2,1,0,1,1,1983,0,1,912,2224,912,912,1,912,2,2.0,912.0,0,1,2,0,1,0,0,2,400.0,2,1,2,0,0,1,2,0,0,1,276760.0,303.46
8,0.2117769,9225,0,14,5,150,516,0,2,4,1,0,1,1,1958,0,1,1152,2064,1152,1152,1,1152,1,2.0,912.0,0,1,2,0,1,0,0,4,576.0,2,3,2,0,0,1,3,0,0,1,264528.0,229.63
13,0.2090909,9108,0,3,14,150,321,0,3,3,1,0,1,1,1965,0,1,1380,2676,1380,1380,1,1380,2,2.0,1044.0,0,1,2,0,1,0,1,2,252.0,1,1,2,0,0,1,2,0,0,1,145500.0,105.43
15,0.0407484,1775,0,1,1,150,430,0,0,5,1,0,3,2,1985,0,1,1296,2020,1296,1296,1,1296,2,3.0,724.0,0,1,2,0,1,0,4,4,528.0,2,3,5,2,1,2,2,1,0,1,306783.0,236.72
26,0.1948577,8488,0,12,3,150,509,0,6,0,1,0,1,1,1978,0,1,1382,2262,1382,1382,1,1382,2,3.0,440.0,0,1,2,0,1,0,4,3,440.0,2,2,4,0,0,2,0,0,0,1,212240.0,153.57
43,0.2066116,9000,0,2,13,150,503,0,9,0,1,0,1,1,1977,0,1,1173,2796,1173,1173,1,1173,3,3.0,1073.0,0,1,2,0,1,0,0,2,550.0,2,1,0,0,0,1,2,0,0,1,405000.0,345.27
45,0.1492195,6500,0,13,3,150,513,0,7,0,1,0,1,1,1978,0,1,962,2290,962,962,1,962,2,2.0,816.0,0,1,2,0,1,1,4,2,512.0,2,1,0,0,0,1,0,0,0,1,330687.0,343.75
47,0.0459137,2000,0,1,2,150,507,0,10,0,1,0,3,2,1979,0,1,1000,1400,1000,1000,1,1000,2,2.0,460.0,0,1,2,0,1,0,1,2,400.0,2,1,5,2,1,2,3,1,0,1,182876.0,182.88
49,0.2500918,10894,0,11,3,150,511,0,4,0,1,0,1,1,1978,0,1,1160,3332,1160,1160,1,1160,2,2.0,1160.0,0,1,2,0,1,0,4,2,1012.0,4,1,2,0,0,1,0,0,0,1,204052.0,175.91
50,0.3263315,14215,0,11,3,150,512,0,4,0,1,0,1,1,1978,0,1,1387,3027,1387,1387,1,1387,3,3.0,1088.0,0,1,2,0,1,0,0,3,552.0,2,2,0,0,0,1,0,0,0,1,125000.0,90.12
52,0.1836088,7998,0,12,3,150,508,0,6,0,1,0,1,1,1978,0,1,1168,2728,1168,1168,1,1168,3,3.0,1056.0,0,1,2,0,1,1,4,2,504.0,2,1,2,0,0,1,0,0,0,1,225000.0,192.64
56,0.1609045,7009,0,13,3,150,510,0,5,0,1,0,1,1,1978,0,1,1138,2464,1138,1138,1,1138,3,3.0,798.0,0,1,2,0,1,1,4,3,528.0,2,2,0,0,0,1,0,0,0,1,298275.0,262.1
61,0.1492195,6500,0,12,3,150,514,0,8,0,1,0,1,1,1978,0,1,1138,2464,1138,1138,1,1138,3,3.0,842.0,0,1,2,0,1,1,4,3,484.0,2,2,0,0,0,1,0,0,0,1,249287.0,219.06
70,0.1591598,6933,0,1,7,150,515,0,1,3,1,0,1,1,1959,0,1,1755,3135,1755,1755,1,1755,3,3.0,1380.0,0,1,2,0,1,3,1,4,416.0,2,3,2,0,0,1,2,0,0,1,200000.0,113.96
76,0.2059229,8970,0,3,14,150,280,0,3,3,1,0,1,1,1935,0,1,1010,2260,1010,1010,1,1010,2,2.0,1010.0,0,1,2,0,1,0,2,2,240.0,1,1,2,0,0,1,2,0,0,1,321335.0,318.15
100,0.1,4000,0,0,8,0,0,1,14,7,0,1,2,0,1950,1,2,1000,1200,1100,950,0,1050,2,2.5,0.0,1,1,1,1,0,2,3,0,200.0,1,0,3,1,2,1,1,2,1,0,100000.0,100.0
101,0.15,4100,1,1,9,0,1,2,15,8,0,2,0,0,1951,2,0,1002,1202,1102,952,0,1052,3,3.0,500.0,2,0,0,1,0,2,3,1,201.0,2,0,1,1,2,2,1,3,1,0,101000.0,101.0
102,0.2,4200,0,2,10,0,2,3,26,19,0,113,2,0,1952,2,0,1004,1204,1104,954,0,1054,4,2.5,500.0,2,0,1,1,0,2,3,1,202.0,3,0,3,1,2,3,1,2,1,0,102000.0,102.0
103,0.25,4300,1,3,11,0,3,4,37,30,0,224,0,0,1953,2,2,1006,1206,1106,956,0,1056,2,3.0,500.0,1,0,0,1,0,2,3,0,203.0,1,0,1,1,2,1,1,3,1,0,103000.0,103.0
104,0.3,4400,0,4,12,0,4,5,48,41,0,335,2,0,1954,2,0,1008,1208,1108,958,0,1058,3,2.5,0.0,2,0,1,1,0,2,3,1,204.0,2,0,3,1,2,2,1,2,1,0,104000.0,104.0
105,0.35,4500,1,5,8,0,5,6,59,52,0,446,0,0,1955,2,0,1010,1210,1110,960,0,1060,4,3.0,500.0,2,1,0,1,0,2,3,1,205.0,3,0,1,1,2,3,1,3,1,0,105000.0,105.0
106,0.4,4600,0,6,9,0,6,7,70,53,0,457,2,0,1956,2,2,1012,1212,1112,962,0,1062,2,2.5,500.0,1,0,1,1,0,2,3,0,206.0,1,0,3,1,2,1,1,2,1,0,106000.0,106.0
107,0.45,4700,1,7,10,0,7,8,81,54,0,468,0,0,1957,2,0,1014,1214,1114,964,0,1064,3,3.0,500.0,2,0,0,1,0,2,3,1,207.0,2,0,1,1,2,2,1,3,1,0,107000.0,107.0
108,0.5,4800,0,8,11,0,8,9,92,55,0,479,2,0,1958,2,0,1016,1216,1116,966,0,1066,4,2.5,0.0,2,0,1,1,0,2,3,1,208.0,3,0,3,1,2,3,1,2,1,0,108000.0,108.0
109,0.55,4900,1,9,12,0,9,10,103,56,0,490,0,0,1959,2,2,1018,1218,1118,968,0,1068,2,3.0,500.0,1,0,0,1,0,2,3,0,209.0,1,0,1,1,2,1,1,3,1,0,109000.0,109.0
110,0.1,5000,0,0,8,0,10,1,16,9,0,3,2,0,1960,1,0,1020,1220,1120,970,0,1070,3,2.5,500.0,2,1,1,1,0,2,3,1,210.0,2,0,3,1,2,2,1,2,1,0,110000.0,110.0
111,0.15,5100,1,1,9,0,11,2,17,10,0,14,0,0,1961,2,0,1022,1222,1122,972,0,1072,4,3.0,500.0,2,0,0,1,0,2,3,1,211.0,3,0,1,1,2,3,1,3,1,0,111000.0,111.0
112,0.2,5200,0,2,10,0,12,3,18,11,0,25,2,0,1962,2,2,1024,1224,1124,974,0,1074,2,2.5,0.0,1,0,1,1,0,2,3,0,212.0,1,0,3,1,2,1,1,2,1,0,112000.0,112.0
113,0.25,5300,1,3,11,0,13,4,19,12,0,36,0,0,1963,2,0,1026,1226,1126,976,0,1076,3,3.0,500.0,2,0,0,1,0,2,3,1,213.0,2,0,1,1,2,2,1,3,1,0,113000.0,113.0
114,0.3,5400,0,4,12,0,14,5,20,13,0,47,2,0,1964,2,0,1028,1228,1128,978,0,1078,4,2.5,500.0,2,0,1,1,0,2,3,1,214.0,3,0,3,1,2,3,1,2,1,0,114000.0,114.0
115,0.35,5500,1,5,8,0,15,6,21,14,0,58,0,0,1965,2,2,1030,1230,1130,980,0,1080,2,3.0,500.0,1,1,0,1,0,2,3,0,215.0,1,0,1,1,2,1,1,3,1,0,115000.0,115.0
116,0.4,5600,0,6,9,0,16,7,22,15,0,69,2,0,1966,2,0,1032,1232,1132,982,0,1082,3,2.5,0.0,2,0,1,1,0,2,3,1,216.0,2,0,3,1,2,2,1,2,1,0,116000.0,116.0
117,0.45,5700,1,7,10,0,17,8,23,16,0,80,0,0,1967,2,0,1034,1234,1134,984,0,1084,4,3.0,500.0,2,0,0,1,0,2,3,1,217.0,3,0,1,1,2,3,1,3,1,0,117000.0,117.0
118,0.5,5800,0,8,11,0,18,9,24,17,0,91,2,0,1968,2,2,1036,1236,1136,986,0,1086,2,2.5,500.0,1,0,1,1,0,2,3,0,218.0,1,0,3,1,2,1,1,2,1,0,118000.0,118.0
119,0.55,5900,1,9,12,0,19,10,25,18,0,102,0,0,1969,2,0,1038,1238,1138,988,0,1088,3,3.0,500.0,2,0,0,1,0,2,3,1,219.0,2,0,1,1,2,2,1,3,1,0,119000.0,119.0
120,0.1,6000,0,0,8,0,20,1,27,20,0,114,2,0,1970,1,0,1040,1240,1140,990,0,1090,4,2.5,0.0,2,1,1,1,0,2,3,1,220.0,3,0,3,1,2,3,1,2,1,0,120000.0,120.0
121,0.15,6100,1,1,9,0,21,2,28,21,0,125,0,0,1971,2,2,1042,1242,1142,992,0,1092,2,3.0,500.0,1,0,0,1,0,2,3,0,221.0,1,0,1,1,2,1,1,3,1,0,121000.0,121.0
122,0.2,6200,0,2,10,0,22,3,29,22,0,136,2,0,1972,2,0,1044,1244,1144,994,0,1094,3,2.5,500.0,2,0,1,1,0,2,3,1,222.0,2,0,3,1,2,2,1,2,1,0,122000.0,122.0
123,0.25,6300,1,3,11,0,23,4,30,23,0,147,0,0,1973,2,0,1046,1246,1146,996,0,1096,4,3.0,500.0,2,0,0,1,0,2,3,1,223.0,3,0,1,1,2,3,1,3,1,0,123000.0,123.0
124,0.3,6400,0,4,12,0,24,5,31,24,0,158,2,0,1974,2,2,1048,1248,1148,998,0,1098,2,2.5,0.0,1,0,1,1,0,2,3,0,224.0,1,0,3,1,2,1,1,2,1,0,124000.0,124.0
125,0.35,6500,1,5,8,0,25,6,32,25,0,169,0,0,1975,2,0,1050,1250,1150,1000,0,1100,3,3.0,500.0,2,1,0,1,0,2,3,1,225.0,2,0,1,1,2,2,1,3,1,0,125000.0,125.0
126,0.4,6600,0,6,9,0,26,7,33,26,0,180,2,0,1976,2,0,1052,1252,1152,1002,0,1102,4,2.5,500.0,2,0,1,1,0,2,3,1,226.0,3,0,3,1,2,3,1,2,1,0,126000.0,126.0
127,0.45,6700,1,7,10,0,27,8,34,27,0,191,0,0,1977,2,2,1054,1254,1154,1004,0,1104,2,3.0,500.0,1,0,0,1,0,2,3,0,227.0,1,0,1,1,2,1,1,3,1,0,127000.0,127.0
128,0.5,6800,0,8,11,0,28,9,35,28,0,202,2,0,1978,2,0,1056,1256,1156,1006,0,1106,3,2.5,0.0,2,0,1,1,0,2,3,1,228.0,2,0,3,1,2,2,1,2,1,0,128000.0,128.0
129,0.55,6900,1,9,12,0,29,10,36,29,0,213,0,0,1979,2,0,1058,1258,1158,1008,0,1108,4,3.0,500.0,2,0,0,1,0,2,3,1,229.0,3,0,1,1,2,3,1,3,1,0,129000.0,129.0
130,0.1,7000,0,0,8,0,30,1,38,31,0,225,2,0,1980,1,2,1060,1260,1160,1010,0,1110,2,2.5,500.0,1,1,1,1,0,2,3,0,230.0,1,0,3,1,2,1,1,2,1,0,130000.0,100.0
131,0.15,7100,1,1,9,0,31,2,39,32,0,236,0,0,1981,2,0,1062,1262,1162,1012,0,1112,3,3.0,500.0,2,0,0,1,0,2,3,1,231.0,2,0,1,1,2,2,1,3,1,0,131000.0,101.0
132,0.2,7200,0,2,10,0,32,3,40,33,0,247,2,0,1982,2,0,1064,1264,1164,1014,0,1114,4,2.5,0.0,2,0,1,1,0,2,3,1,232.0,3,0,3,1,2,3,1,2,1,0,132000.0,102.0
133,0.25,7300,1,3,11,0,33,4,41,34,0,258,0,0,1983,2,2,1066,1266,1166,1016,0,1116,2,3.0,500.0,1,0,0,1,0,2,3,0,233.0,1,0,1,1,2,1,1,3,1,0,133000.0,103.0
134,0.3,7400,0,4,12,0,34,5,42,35,0,269,2,0,1984,2,0,1068,1268,1168,1018,0,1118,3,2.5,500.0,2,0,1,1,0,2,3,1,234.0,2,0,3,1,2,2,1,2,1,0,134000.0,104.0
135,0.35,7500,1,5,8,0,35,6,43,36,0,280,0,0,1985,2,0,1070,1270,1170,1020,0,1120,4,3.0,500.0,2,1,0,1,0,2,3,1,235.0,3,0,1,1,2,3,1,3,1,0,135000.0,105.0
136,0.4,7600,0,6,9,0,36,7,44,37,0,291,2,0,1986,2,2,1072,1272,1172,1022,0,1122,2,2.5,0.0,1,0,1,1,0,2,3,0,236.0,1,0,3,1,2,1,1,2,1,0,136000.0,106.0
137,0.45,7700,1,7,10,0,37,8,45,38,0,302,0,0,1987,2,0,1074,1274,1174,1024,0,1124,3,3.0,500.0,2,0,0,1,0,2,3,1,237.0,2,0,1,1,2,2,1,3,1,0,137000.0,107.0
138,0.5,7800,0,8,11,0,38,9,46,39,0,313,2,0,1988,2,0,1076,1276,1176,1026,0,1126,4,2.5,500.0,2,0,1,1,0,2,3,1,238.0,3,0,3,1,2,3,1,2,1,0,138000.0,108.0
139,0.55,7900,1,9,12,0,39,10,47,40,0,324,0,0,1989,2,2,1078,1278,1178,1028,0,1128,2,3.0,500.0,1,0,0,1,0,2,3,0,239.0,1,0,1,1,2,1,1,3,1,0,139000.0,109.0
140,0.1,8000,0,0,8,0,40,1,49,42,0,336,2,0,1990,1,0,1080,1280,1180,1030,0,1130,3,2.5,0.0,2,1,1,1,0,2,3,1,240.0,2,0,3,1,2,2,1,2,1,0,140000.0,110.0
141,0.15,8100,1,1,9,0,41,2,50,43,0,347,0,0,1991,2,0,1082,1282,1182,1032,0,1132,4,3.0,500.0,2,0,0,1,0,2,3,1,241.0,3,0,1,1,2,3,1,3,1,0,141000.0,111.0
142,0.2,8200,0,2,10,0,42,3,51,44,0,358,2,0,1992,2,2,1084,1284,1184,1034,0,1134,2,2.5,500.0,1,0,1,1,0,2,3,0,242.0,1,0,3,1,2,1,1,2,1,0,142000.0,112.0
143,0.25,8300,1,3,11,0,43,4,52,45,0,369,0,0,1993,2,0,1086,1286,1186,1036,0,1136,3,3.0,500.0,2,0,0,1,0,2,3,1,243.0,2,0,1,1,2,2,1,3,1,0,143000.0,113.0
144,0.3,8400,0,4,12,0,44,5,53,46,0,380,2,0,1994,2,0,1088,1288,1188,1038,0,1138,4,2.5,0.0,2,0,1,1,0,2,3,1,244.0,3,0,3,1,2,3,1,2,1,0,144000.0,114.0
145,0.35,8500,1,5,8,0,45,6,54,47,0,391,0,0,1995,2,2,1090,1290,1190,1040,0,1140,2,3.0,500.0,1,1,0,1,0,2,3,0,245.0,1,0,1,1,2,1,1,3,1,0,145000.0,115.0
146,0.4,8600,0,6,9,0,46,7,55,48,0,402,2,0,1996,2,0,1092,1292,1192,1042,0,1142,3,2.5,500.0,2,0,1,1,0,2,3,1,246.0,2,0,3,1,2,2,1,2,1,0,146000.0,116.0
147,0.45,8700,1,7,10,0,47,8,56,49,0,413,0,0,1997,2,0,1094,1294,1194,1044,0,1144,4,3.0,500.0,2,0,0,1,0,2,3,1,247.0,3,0,1,1,2,3,1,3,1,0,147000.0,117.0
148,0.5,8800,0,8,11,0,48,9,57,50,0,424,2,0,1998,2,2,1096,1296,1196,1046,0,1146,2,2.5,0.0,1,0,1,1,0,2,3,0,248.0,1,0,3,1,2,1,1,2,1,0,148000.0,118.0
149,0.55,8900,1,9,12,0,49,10,58,51,0,435,0,0,1999,2,0,1098,1298,1198,1048,0,1148,3,3.0,500.0,2,0,0,1,0,2,3,1,249.0,2,0,1,1,2,2,1,3,1,0,149000.0,119.0
150,0.1,4000,0,0,8,0,50,1,60,7,0,447,2,0,2000,1,0,1100,1300,1200,1050,0,1150,4,2.5,500.0,2,1,1,1,0,2,3,1,250.0,3,0,3,1,2,3,1,2,1,0,150000.0,120.0
151,0.15,4100,1,1,9,0,51,2,61,8,0,448,0,0,2001,2,2,1102,1302,1202,1052,0,1152,2,3.0,500.0,1,0,0,1,0,2,3,0,251.0,1,0,1,1,2,1,1,3,1,0,151000.0,121.0
152,0.2,4200,0,2,10,0,52,3,62,19,0,449,2,0,2002,2,0,1104,1304,1204,1054,0,1154,3,2.5,0.0,2,0,1,1,0,2,3,1,252.0,2,0,3,1,2,2,1,2,1,0,152000.0,122.0
153,0.25,4300,1,3,11,0,53,4,63,30,0,450,0,0,2003,2,0,1106,1306,1206,1056,0,1156,4,3.0,500.0,2,0,0,1,0,2,3,1,253.0,3,0,1,1,2,3,1,3,1,0,153000.0,123.0
154,0.3,4400,0,4,12,0,54,5,64,41,0,451,2,0,2004,2,2,1108,1308,1208,1058,0,1158,2,2.5,500.0,1,0,1,1,0,2,3,0,254.0,1,0,3,1,2,1,1,2,1,0,154000.0,124.0
155,0.35,4500,1,5,8,0,55,6,65,52,0,452,0,0,2005,2,0,1110,1310,1210,1060,0,1160,3,3.0,500.0,2,1,0,1,0,2,3,1,255.0,2,0,1,1,2,2,1,3,1,0,155000.0,125.0
156,0.4,4600,0,6,9,0,56,7,66,53,0,453,2,0,2006,2,0,1112,1312,1212,1062,0,1162,4,2.5,0.0,2,0,1,1,0,2,3,1,256.0,3,0,3,1,2,3,1,2,1,0,156000.0,126.0
157,0.45,4700,1,7,10,0,57,8,67,54,0,454,0,0,2007,2,2,1114,1314,1214,1064,0,1164,2,3.0,500.0,1,0,0,1,0,2,3,0,257.0,1,0,1,1,2,1,1,3,1,0,157000.0,127.0
158,0.5,4800,0,8,11,0,58,9,68,55,0,455,2,0,2008,2,0,1116,1316,1216,1066,0,1166,3,2.5,500.0,2,0,1,1,0,2,3,1,258.0,2,0,3,1,2,2,1,2,1,0,158000.0,128.0
159,0.55,4900,1,9,12,0,59,10,69,56,0,456,0,0,2009,2,0,1118,1318,1218,1068,0,1168,4,3.0,500.0,2,0,0,1,0,2,3,1,259.0,3,0,1,1,2,3,1,3,1,0,159000.0,129.0
160,0.1,5000,0,0,8,0,60,1,71,9,0,458,2,0,2010,1,2,1120,1320,1220,1070,0,1170,2,2.5,0.0,1,1,1,1,0,2,3,0,260.0,1,0,3,1,2,1,1,2,1,0,160000.0,100.0
161,0.15,5100,1,1,9,0,61,2,72,10,0,459,0,0,2011,2,0,1122,1322,1222,1072,0,1172,3,3.0,500.0,2,0,0,1,0,2,3,1,261.0,2,0,1,1,2,2,1,3,1,0,161000.0,101.0
162,0.2,5200,0,2,10,0,62,3,73,11,0,460,2,0,2012,2,0,1124,1324,1224,1074,0,1174,4,2.5,500.0,2,0,1,1,0,2,3,1,262.0,3,0,3,1,2,3,1,2,1,0,162000.0,102.0
163,0.25,5300,1,3,11,0,63,4,74,12,0,461,0,0,2013,2,2,1126,1326,1226,1076,0,1176,2,3.0,500.0,1,0,0,1,0,2,3,0,263.0,1,0,1,1,2,1,1,3,1,0,163000.0,103.0
164,0.3,5400,0,4,12,0,64,5,75,13,0,462,2,0,2014,2,0,1128,1328,1228,1078,0,1178,3,2.5,0.0,2,0,1,1,0,2,3,1,264.0,2,0,3,1,2,2,1,2,1,0,164000.0,104.0
165,0.35,5500,1,5,8,0,65,6,76,14,0,463,0,0,2015,2,0,1130,1330,1230,1080,0,1180,4,3.0,500.0,2,1,0,1,0,2,3,1,265.0,3,0,1,1,2,3,1,3,1,0,165000.0,105.0
166,0.4,5600,0,6,9,0,66,7,77,15,0,464,2,0,2016,2,2,1132,1332,1232,1082,0,1182,2,2.5,500.0,1,0,1,1,0,2,3,0,266.0,1,0,3,1,2,1,1,2,1,0,166000.0,106.0
167,0.45,5700,1,7,10,0,67,8,78,16,0,465,0,0,2017,2,0,1134,1334,1234,1084,0,1184,3,3.0,500.0,2,0,0,1,0,2,3,1,267.0,2,0,1,1,2,2,1,3,1,0,167000.0,107.0
168,0.5,5800,0,8,11,0,68,9,79,17,0,466,2,0,2018,2,0,1136,1336,1236,1086,0,1186,4,2.5,0.0,2,0,1,1,0,2,3,1,268.0,3,0,3,1,2,3,1,2,1,0,168000.0,108.0
169,0.55,5900,1,9,12,0,69,10,80,18,0,467,0,0,2019,2,2,1138,1338,1238,1088,0,1188,2,3.0,500.0,1,0,0,1,0,2,3,0,269.0,1,0,1,1,2,1,1,3,1,0,169000.0,109.0
170,0.1,6000,0,0,8,0,70,1,82,20,0,469,2,0,2020,1,0,1140,1340,1240,1090,0,1190,3,2.5,500.0,2,1,1,1,0,2,3,1,270.0,2,0,3,1,2,2,1,2,1,0,170000.0,110.0
171,0.15,6100,1,1,9,0,71,2,83,21,0,470,0,0,2021,2,0,1142,1342,1242,1092,0,1192,4,3.0,500.0,2,0,0,1,0,2,3,1,271.0,3,0,1,1,2,3,1,3,1,0,171000.0,111.0
172,0.2,6200,0,2,10,0,72,3,84,22,0,471,2,0,2022,2,2,1144,1344,1244,1094,0,1194,2,2.5,0.0,1,0,1,1,0,2,3,0,272.0,1,0,3,1,2,1,1,2,1,0,172000.0,112.0
173,0.25,6300,1,3,11,0,73,4,85,23,0,472,0,0,2023,2,0,1146,1346,1246,1096,0,1196,3,3.0,500.0,2,0,0,1,0,2,3,1,273.0,2,0,1,1,2,2,1,3,1,0,173000.0,113.0
174,0.3,6400,0,4,12,0,74,5,86,24,0,473,2,0,2024,2,0,1148,1348,1248,1098,0,1198,4,2.5,500.0,2,0,1,1,0,2,3,1,274.0,3,0,3,1,2,3,1,2,1,0,174000.0,114.0
175,0.35,6500,1,5,8,0,75,6,87,25,0,474,0,0,1950,2,2,1150,1350,1250,1100,0,1200,2,3.0,500.0,1,1,0,1,0,2,3,0,275.0,1,0,1,1,2,1,1,3,1,0,175000.0,115.0
176,0.4,6600,0,6,9,0,76,7,88,26,0,475,2,0,1951,2,0,1152,1352,1252,1102,0,1202,3,2.5,0.0,2,0,1,1,0,2,3,1,276.0,2,0,3,1,2,2,1,2,1,0,176000.0,116.0
177,0.45,6700,1,7,10,0,77,8,89,27,0,476,0,0,1952,2,0,1154,1354,1254,1104,0,1204,4,3.0,500.0,2,0,0,1,0,2,3,1,277.0,3,0,1,1,2,3,1,3,1,0,177000.0,117.0
178,0.5,6800,0,8,11,0,78,9,90,28,0,477,2,0,1953,2,2,1156,1356,1256,1106,0,1206,2,2.5,500.0,1,0,1,1,0,2,3,0,278.0,1,0,3,1,2,1,1,2,1,0,178000.0,118.0
179,0.55,6900,1,9,12,0,79,10,91,29,0,478,0,0,1954,2,0,1158,1358,1258,1108,0,1208,3,3.0,500.0,2,0,0,1,0,2,3,1,279.0,2,0,1,1,2,2,1,3,1,0,179000.0,119.0
180,0.1,7000,0,0,8,0,80,1,93,31,0,480,2,0,1955,1,0,1160,1360,1260,1110,0,1210,4,2.5,0.0,2,1,1,1,0,2,3,1,280.0,3,0,3,1,2,3,1,2,1,0,180000.0,120.0
181,0.15,7100,1,1,9,0,81,2,94,32,0,481,0,0,1956,2,2,1162,1362,1262,1112,0,1212,2,3.0,500.0,1,0,0,1,0,2,3,0,281.0,1,0,1,1,2,1,1,3,1,0,181000.0,121.0
182,0.2,7200,0,2,10,0,82,3,95,33,0,482,2,0,1957,2,0,1164,1364,1264,1114,0,1214,3,2.5,500.0,2,0,1,1,0,2,3,1,282.0,2,0,3,1,2,2,1,2,1,0,182000.0,122.0
183,0.25,7300,1,3,11,0,83,4,96,34,0,483,0,0,1958,2,0,1166,1366,1266,1116,0,1216,4,3.0,500.0,2,0,0,1,0,2,3,1,283.0,3,0,1,1,2,3,1,3,1,0,183000.0,123.0
184,0.3,7400,0,4,12,0,84,5,97,35,0,484,2,0,1959,2,2,1168,1368,1268,1118,0,1218,2,2.5,0.0,1,0,1,1,0,2,3,0,284.0,1,0,3,1,2,1,1,2,1,0,184000.0,124.0
185,0.35,7500,1,5,8,0,85,6,98,36,0,485,0,0,1960,2,0,1170,1370,1270,1120,0,1220,3,3.0,500.0,2,1,0,1,0,2,3,1,285.0,2,0,1,1,2,2,1,3,1,0,185000.0,125.0
186,0.4,7600,0,6,9,0,86,7,99,37,0,486,2,0,1961,2,0,1172,1372,1272,1122,0,1222,4,2.5,500.0,2,0,1,1,0,2,3,1,286.0,3,0,3,1,2,3,1,2,1,0,186000.0,126.0
187,0.45,7700,1,7,10,0,87,8,100,38,0,487,0,0,1962,2,2,1174,1374,1274,1124,0,1224,2,3.0,500.0,1,0,0,1,0,2,3,0,287.0,1,0,1,1,2,1,1,3,1,0,187000.0,127.0
188,0.5,7800,0,8,11,0,88,9,101,39,0,488,2,0,1963,2,0,1176,1376,1276,1126,0,1226,3,2.5,0.0,2,0,1,1,0,2,3,1,288.0,2,0,3,1,2,2,1,2,1,0,188000.0,128.0
189,0.55,7900,1,9,12,0,89,10,102,40,0,489,0,0,1964,2,0,1178,1378,1278,1128,0,1228,4,3.0,500.0,2,0,0,1,0,2,3,1,289.0,3,0,1,1,2,3,1,3,1,0,189000.0,129.0
190,0.1,8000,0,0,8,0,90,1,104,42,0,491,2,0,1965,1,2,1180,1380,1280,1130,0,1230,2,2.5,500.0,1,1,1,1,0,2,3,0,290.0,1,0,3,1,2,1,1,2,1,0,190000.0,100.0
191,0.15,8100,1,1,9,0,91,2,105,43,0,492,0,0,1966,2,0,1182,1382,1282,1132,0,1232,3,3.0,500.0,2,0,0,1,0,2,3,1,291.0,2,0,1,1,2,2,1,3,1,0,191000.0,101.0
192,0.2,8200,0,2,10,0,92,3,106,44,0,493,2,0,1967,2,0,1184,1384,1284,1134,0,1234,4,2.5,0.0,2,0,1,1,0,2,3,1,292.0,3,0,3,1,2,3,1,2,1,0,192000.0,102.0
193,0.25,8300,1,3,11,0,93,4,107,45,0,494,0,0,1968,2,2,1186,1386,1286,1136,0,1236,2,3.0,500.0,1,0,0,1,0,2,3,0,293.0,1,0,1,1,2,1,1,3,1,0,193000.0,103.0
194,0.3,8400,0,4,12,0,94,5,108,46,0,495,2,0,1969,2,0,1188,1388,1288,1138,0,1238,3,2.5,500.0,2,0,1,1,0,2,3,1,294.0,2,0,3,1,2,2,1,2,1,0,194000.0,104.0
195,0.35,8500,1,5,8,0,95,6,109,47,0,496,0,0,1970,2,0,1190,1390,1290,1140,0,1240,4,3.0,500.0,2,1,0,1,0,2,3,1,295.0,3,0,1,1,2,3,1,3,1,0,195000.0,105.0
196,0.4,8600,0,6,9,0,96,7,110,48,0,497,2,0,1971,2,2,1192,1392,1292,1142,0,1242,2,2.5,0.0,1,0,1,1,0,2,3,0,296.0,1,0,3,1,2,1,1,2,1,0,196000.0,106.0
197,0.45,8700,1,7,10,0,97,8,111,49,0,498,0,0,1972,2,0,1194,1394,1294,1144,0,1244,3,3.0,500.0,2,0,0,1,0,2,3,1,297.0,2,0,1,1,2,2,1,3,1,0,197000.0,107.0
198,0.5,8800,0,8,11,0,98,9,112,50,0,499,2,0,1973,2,0,1196,1396,1296,1146,0,1246,4,2.5,500.0,2,0,1,1,0,2,3,1,298.0,3,0,3,1,2,3,1,2,1,0,198000.0,108.0
199,0.55,8900,1,9,12,0,99,10,113,51,0,500,0,0,1974,2,2,1198,1398,1298,1148,0,1248,2,3.0,500.0,1,0,0,1,0,2,3,0,299.0,1,0,1,1,2,1,1,3,1,0,199000.0,109.0
200,0.1,4000,0,0,8,0,100,1,14,7,0,4,2,0,1975,1,0,1200,1400,1300,1150,0,1250,3,2.5,0.0,2,1,1,1,0,2,3,1,200.0,2,0,3,1,2,2,1,2,1,0,200000.0,110.0
201,0.15,4100,1,1,9,0,101,2,15,8,0,5,0,0,1976,2,0,1202,1402,1302,1152,0,1252,4,3.0,500.0,2,0,0,1,0,2,3,1,201.0,3,0,1,1,2,3,1,3,1,0,201000.0,111.0
202,0.2,4200,0,2,10,0,102,3,26,19,0,6,2,0,1977,2,2,1204,1404,1304,1154,0,1254,2,2.5,500.0,1,0,1,1,0,2,3,0,202.0,1,0,3,1,2,1,1,2,1,0,202000.0,112.0
203,0.25,4300,1,3,11,0,103,4,37,30,0,7,0,0,1978,2,0,1206,1406,1306,1156,0,1256,3,3.0,500.0,2,0,0,1,0,2,3,1,203.0,2,0,1,1,2,2,1,3,1,0,203000.0,113.0
204,0.3,4400,0,4,12,0,104,5,48,41,0,8,2,0,1979,2,0,1208,1408,1308,1158,0,1258,4,2.5,0.0,2,0,1,1,0,2,3,1,204.0,3,0,3,1,2,3,1,2,1,0,204000.0,114.0
205,0.35,4500,1,5,8,0,105,6,59,52,0,9,0,0,1980,2,2,1210,1410,1310,1160,0,1260,2,3.0,500.0,1,1,0,1,0,2,3,0,205.0,1,0,1,1,2,1,1,3,1,0,205000.0,115.0
206,0.4,4600,0,6,9,0,106,7,70,53,0,10,2,0,1981,2,0,1212,1412,1312,1162,0,1262,3,2.5,500.0,2,0,1,1,0,2,3,1,206.0,2,0,3,1,2,2,1,2,1,0,206000.0,116.0
207,0.45,4700,1,7,10,0,107,8,81,54,0,11,0,0,1982,2,0,1214,1414,1314,1164,0,1264,4,3.0,500.0,2,0,0,1,0,2,3,1,207.0,3,0,1,1,2,3,1,3,1,0,207000.0,117.0
208,0.5,4800,0,8,11,0,108,9,92,55,0,12,2,0,1983,2,2,1216,1416,1316,1166,0,1266,2,2.5,0.0,1,0,1,1,0,2,3,0,208.0,1,0,3,1,2,1,1,2,1,0,208000.0,118.0
209,0.55,4900,1,9,12,0,109,10,103,56,0,13,0,0,1984,2,0,1218,1418,1318,1168,0,1268,3,3.0,500.0,2,0,0,1,0,2,3,1,209.0,2,0,1,1,2,2,1,3,1,0,209000.0,119.0
210,0.1,5000,0,0,8,0,110,1,16,9,0,15,2,0,1985,1,0,1220,1420,1320,1170,0,1270,4,2.5,500.0,2,1,1,1,0,2,3,1,210.0,3,0,3,1,2,3,1,2,1,0,210000.0,120.0
211,0.15,5100,1,1,9,0,111,2,17,10,0,16,0,0,1986,2,2,1222,1422,1322,1172,0,1272,2,3.0,500.0,1,0,0,1,0,2,3,0,211.0,1,0,1,1,2,1,1,3,1,0,211000.0,121.0
212,0.2,5200,0,2,10,0,112,3,18,11,0,17,2,0,1987,2,0,1224,1424,1324,1174,0,1274,3,2.5,0.0,2,0,1,1,0,2,3,1,212.0,2,0,3,1,2,2,1,2,1,0,212000.0,122.0
213,0.25,5300,1,3,11,0,113,4,19,12,0,18,0,0,1988,2,0,1226,1426,1326,1176,0,1276,4,3.0,500.0,2,0,0,1,0,2,3,1,213.0,3,0,1,1,2,3,1,3,1,0,213000.0,123.0
214,0.3,5400,0,4,12,0,114,5,20,13,0,19,2,0,1989,2,2,1228,1428,1328,1178,0,1278,2,2.5,500.0,1,0,1,1,0,2,3,0,214.0,1,0,3,1,2,1,1,2,1,0,214000.0,124.0
215,0.35,5500,1,5,8,0,115,6,21,14,0,20,0,0,1990,2,0,1230,1430,1330,1180,0,1280,3,3.0,500.0,2,1,0,1,0,2,3,1,215.0,2,0,1,1,2,2,1,3,1,0,215000.0,125.0
216,0.4,5600,0,6,9,0,116,7,22,15,0,21,2,0,1991,2,0,1232,1432,1332,1182,0,1282,4,2.5,0.0,2,0,1,1,0,2,3,1,216.0,3,0,3,1,2,3,1,2,1,0,216000.0,126.0
217,0.45,5700,1,7,10,0,117,8,23,16,0,22,0,0,1992,2,2,1234,1434,1334,1184,0,1284,2,3.0,500.0,1,0,0,1,0,2,3,0,217.0,1,0,1,1,2,1,1,3,1,0,217000.0,127.0
218,0.5,5800,0,8,11,0,118,9,24,17,0,23,2,0,1993,2,0,1236,1436,1336,1186,0,1286,3,2.5,500.0,2,0,1,1,0,2,3,1,218.0,2,0,3,1,2,2,1,2,1,0,218000.0,128.0
219,0.55,5900,1,9,12,0,119,10,25,18,0,24,0,0,1994,2,0,1238,1438,1338,1188,0,1288,4,3.0,500.0,2,0,0,1,0,2,3,1,219.0,3,0,1,1,2,3,1,3,1,0,219000.0,129.0
220,0.1,6000,0,0,8,0,120,1,27,20,0,26,2,0,1995,1,2,1240,1440,1340,1190,0,1290,2,2.5,0.0,1,1,1,1,0,2,3,0,220.0,1,0,3,1,2,1,1,2,1,0,220000.0,100.0
221,0.15,6100,1,1,9,0,121,2,28,21,0,27,0,0,1996,2,0,1242,1442,1342,1192,0,1292,3,3.0,500.0,2,0,0,1,0,2,3,1,221.0,2,0,1,1,2,2,1,3,1,0,221000.0,101.0
222,0.2,6200,0,2,10,0,122,3,29,22,0,28,2,0,1997,2,0,1244,1444,1344,1194,0,1294,4,2.5,500.0,2,0,1,1,0,2,3,1,222.0,3,0,3,1,2,3,1,2,1,0,222000.0,102.0
223,0.25,6300,1,3,11,0,123,4,30,23,0,29,0,0,1998,2,2,1246,1446,1346,1196,0,1296,2,3.0,500.0,1,0,0,1,0,2,3,0,223.0,1,0,1,1,2,1,1,3,1,0,223000.0,103.0
224,0.3,6400,0,4,12,0,124,5,31,24,0,30,2,0,1999,2,0,1248,1448,1348,1198,0,1298,3,2.5,0.0,2,0,1,1,0,2,3,1,224.0,2,0,3,1,2,2,1,2,1,0,224000.0,104.0
225,0.35,6500,1,5,8,0,125,6,32,25,0,31,0,0,2000,2,0,1250,1450,1350,1200,0,1300,4,3.0,500.0,2,1,0,1,0,2,3,1,225.0,3,0,1,1,2,3,1,3,1,0,225000.0,105.0
226,0.4,6600,0,6,9,0,126,7,33,26,0,32,2,0,2001,2,2,1252,1452,1352,1202,0,1302,2,2.5,500.0,1,0,1,1,0,2,3,0,226.0,1,0,3,1,2,1,1,2,1,0,226000.0,106.0
227,0.45,6700,1,7,10,0,127,8,34,27,0,33,0,0,2002,2,0,1254,1454,1354,1204,0,1304,3,3.0,500.0,2,0,0,1,0,2,3,1,227.0,2,0,1,1,2,2,1,3,1,0,227000.0,107.0
228,0.5,6800,0,8,11,0,128,9,35,28,0,34,2,0,2003,2,0,1256,1456,1356,1206,0,1306,4,2.5,0.0,2,0,1,1,0,2,3,1,228.0,3,0,3,1,2,3,1,2,1,0,228000.0,108.0
229,0.55,6900,1,9,12,0,129,10,36,29,0,35,0,0,2004,2,2,1258,1458,1358,1208,0,1308,2,3.0,500.0,1,0,0,1,0,2,3,0,229.0,1,0,1,1,2,1,1,3,1,0,229000.0,109.0
230,0.1,7000,0,0,8,0,130,1,38,31,0,37,2,0,2005,1,0,1260,1460,1360,1210,0,1310,3,2.5,500.0,2,1,1,1,0,2,3,1,230.0,2,0,3,1,2,2,1,2,1,0,230000.0,110.0
231,0.15,7100,1,1,9,0,131,2,39,32,0,38,0,0,2006,2,0,1262,1462,1362,1212,0,1312,4,3.0,500.0,2,0,0,1,0,2,3,1,231.0,3,0,1,1,2,3,1,3,1,0,231000.0,111.0
232,0.2,7200,0,2,10,0,132,3,40,33,0,39,2,0,2007,2,2,1264,1464,1364,1214,0,1314,2,2.5,0.0,1,0,1,1,0,2,3,0,232.0,1,0,3,1,2,1,1,2,1,0,232000.0,112.0
233,0.25,7300,1,3,11,0,133,4,41,34,0,40,0,0,2008,2,0,1266,1466,1366,1216,0,1316,3,3.0,500.0,2,0,0,1,0,2,3,1,233.0,2,0,1,1,2,2,1,3,1,0,233000.0,113.0
234,0.3,7400,0,4,12,0,134,5,42,35,0,41,2,0,2009,2,0,1268,1468,1368,1218,0,1318,4,2.5,500.0,2,0,1,1,0,2,3,1,234.0,3,0,3,1,2,3,1,2,1,0,234000.0,114.0
235,0.35,7500,1,5,8,0,135,6,43,36,0,42,0,0,2010,2,2,1270,1470,1370,1220,0,1320,2,3.0,500.0,1,1,0,1,0,2,3,0,235.0,1,0,1,1,2,1,1,3,1,0,235000.0,115.0
236,0.4,7600,0,6,9,0,136,7,44,37,0,43,2,0,2011,2,0,1272,1472,1372,1222,0,1322,3,2.5,0.0,2,0,1,1,0,2,3,1,236.0,2,0,3,1,2,2,1,2,1,0,236000.0,116.0
237,0.45,7700,1,7,10,0,137,8,45,38,0,44,0,0,2012,2,0,1274,1474,1374,1224,0,1324,4,3.0,500.0,2,0,0,1,0,2,3,1,237.0,3,0,1,1,2,3,1,3,1,0,237000.0,117.0
238,0.5,7800,0,8,11,0,138,9,46,39,0,45,2,0,2013,2,2,1276,1476,1376,1226,0,1326,2,2.5,500.0,1,0,1,1,0,2,3,0,238.0,1,0,3,1,2,1,1,2,1,0,238000.0,118.0
239,0.55,7900,1,9,12,0,139,10,47,40,0,46,0,0,2014,2,0,1278,1478,1378,1228,0,1328,3,3.0,500.0,2,0,0,1,0,2,3,1,239.0,2,0,1,1,2,2,1,3,1,0,239000.0,119.0
240,0.1,8000,0,0,8,0,140,1,49,42,0,48,2,0,2015,1,0,1280,1480,1380,1230,0,1330,4,2.5,0.0,2,1,1,1,0,2,3,1,240.0,3,0,3,1,2,3,1,2,1,0,240000.0,120.0
241,0.15,8100,1,1,9,0,141,2,50,43,0,49,0,0,2016,2,2,1282,1482,1382,1232,0,1332,2,3.0,500.0,1,0,0,1,0,2,3,0,241.0,1,0,1,1,2,1,1,3,1,0,241000.0,121.0
242,0.2,8200,0,2,10,0,142,3,51,44,0,50,2,0,2017,2,0,1284,1484,1384,1234,0,1334,3,2.5,500.0,2,0,1,1,0,2,3,1,242.0,2,0,3,1,2,2,1,2,1,0,242000.0,122.0
243,0.25,8300,1,3,11,0,143,4,52,45,0,51,0,0,2018,2,0,1286,1486,1386,1236,0,1336,4,3.0,500.0,2,0,0,1,0,2,3,1,243.0,3,0,1,1,2,3,1,3,1,0,243000.0,123.0
244,0.3,8400,0,4,12,0,144,5,53,46,0,52,2,0,2019,2,2,1288,1488,1388,1238,0,1338,2,2.5,0.0,1,0,1,1,0,2,3,0,244.0,1,0,3,1,2,1,1,2,1,0,244000.0,124.0
245,0.35,8500,1,5,8,0,145,6,54,47,0,53,0,0,2020,2,0,1290,1490,1390,1240,0,1340,3,3.0,500.0,2,1,0,1,0,2,3,1,245.0,2,0,1,1,2,2,1,3,1,0,245000.0,125.0
246,0.4,8600,0,6,9,0,146,7,55,48,0,54,2,0,2021,2,0,1292,1492,1392,1242,0,1342,4,2.5,500.0,2,0,1,1,0,2,3,1,246.0,3,0,3,1,2,3,1,2,1,0,246000.0,126.0
247,0.45,8700,1,7,10,0,147,8,56,49,0,55,0,0,2022,2,2,1294,1494,1394,1244,0,1344,2,3.0,500.0,1,0,0,1,0,2,3,0,247.0,1,0,1,1,2,1,1,3,1,0,247000.0,127.0
248,0.5,8800,0,8,11,0,148,9,57,50,0,56,2,0,2023,2,0,1296,1496,1396,1246,0,1346,3,2.5,0.0,2,0,1,1,0,2,3,1,248.0,2,0,3,1,2,2,1,2,1,0,248000.0,128.0
249,0.55,8900,1,9,12,0,149,10,58,51,0,57,0,0,2024,2,0,1298,1498,1398,1248,0,1348,4,3.0,500.0,2,0,0,1,0,2,3,1,249.0,3,0,1,1,2,3,1,3,1,0,249000.0,129.0
250,0.1,4000,0,0,8,0,150,1,60,7,0,59,2,0,1950,1,2,1300,1500,1400,1250,0,1350,2,2.5,500.0,1,1,1,1,0,2,3,0,250.0,1,0,3,1,2,1,1,2,1,0,250000.0,100.0
251,0.15,4100,1,1,9,0,151,2,61,8,0,60,0,0,1951,2,0,1302,1502,1402,1252,0,1352,3,3.0,500.0,2,0,0,1,0,2,3,1,251.0,2,0,1,1,2,2,1,3,1,0,251000.0,101.0
252,0.2,4200,0,2,10,0,152,3,62,19,0,61,2,0,1952,2,0,1304,1504,1404,1254,0,1354,4,2.5,0.0,2,0,1,1,0,2,3,1,252.0,3,0,3,1,2,3,1,2,1,0,252000.0,102.0
253,0.25,4300,1,3,11,0,153,4,63,30,0,62,0,0,1953,2,2,1306,1506,1406,1256,0,1356,2,3.0,500.0,1,0,0,1,0,2,3,0,253.0,1,0,1,1,2,1,1,3,1,0,253000.0,103.0
254,0.3,4400,0,4,12,0,154,5,64,41,0,63,2,0,1954,2,0,1308,1508,1408,1258,0,1358,3,2.5,500.0,2,0,1,1,0,2,3,1,254.0,2,0,3,1,2,2,1,2,1,0,254000.0,104.0
255,0.35,4500,1,5,8,0,155,6,65,52,0,64,0,0,1955,2,0,1310,1510,1410,1260,0,1360,4,3.0,500.0,2,1,0,1,0,2,3,1,255.0,3,0,1,1,2,3,1,3,1,0,255000.0,105.0
256,0.4,4600,0,6,9,0,156,7,66,53,0,65,2,0,1956,2,2,1312,1512,1412,1262,0,1362,2,2.5,0.0,1,0,1,1,0,2,3,0,256.0,1,0,3,1,2,1,1,2,1,0,256000.0,106.0
257,0.45,4700,1,7,10,0,157,8,67,54,0,66,0,0,1957,2,0,1314,1514,1414,1264,0,1364,3,3.0,500.0,2,0,0,1,0,2,3,1,257.0,2,0,1,1,2,2,1,3,1,0,257000.0,107.0
258,0.5,4800,0,8,11,0,158,9,68,55,0,67,2,0,1958,2,0,1316,1516,1416,1266,0,1366,4,2.5,500.0,2,0,1,1,0,2,3,1,258.0,3,0,3,1,2,3,1,2,1,0,258000.0,108.0
259,0.55,4900,1,9,12,0,159,10,69,56,0,68,0,0,1959,2,2,1318,1518,1418,1268,0,1368,2,3.0,500.0,1,0,0,1,0,2,3,0,259.0,1,0,1,1,2,1,1,3,1,0,259000.0,109.0
260,0.1,5000,0,0,8,0,160,1,71,9,0,70,2,0,1960,1,0,1320,1520,1420,1270,0,1370,3,2.5,0.0,2,1,1,1,0,2,3,1,260.0,2,0,3,1,2,2,1,2,1,0,260000.0,110.0
261,0.15,5100,1,1,9,0,161,2,72,10,0,71,0,0,1961,2,0,1322,1522,1422,1272,0,1372,4,3.0,500.0,2,0,0,1,0,2,3,1,261.0,3,0,1,1,2,3,1,3,1,0,261000.0,111.0
262,0.2,5200,0,2,10,0,162,3,73,11,0,72,2,0,1962,2,2,1324,1524,1424,1274,0,1374,2,2.5,500.0,1,0,1,1,0,2,3,0,262.0,1,0,3,1,2,1,1,2,1,0,262000.0,112.0
263,0.25,5300,1,3,11,0,163,4,74,12,0,73,0,0,1963,2,0,1326,1526,1426,1276,0,1376,3,3.0,500.0,2,0,0,1,0,2,3,1,263.0,2,0,1,1,2,2,1,3,1,0,263000.0,113.0
264,0.3,5400,0,4,12,0,164,5,75,13,0,74,2,0,1964,2,0,1328,1528,1428,1278,0,1378,4,2.5,0.0,2,0,1,1,0,2,3,1,264.0,3,0,3,1,2,3,1,2,1,0,264000.0,114.0
265,0.35,5500,1,5,8,0,165,6,76,14,0,75,0,0,1965,2,2,1330,1530,1430,1280,0,1380,2,3.0,500.0,1,1,0,1,0,2,3,0,265.0,1,0,1,1,2,1,1,3,1,0,265000.0,115.0
266,0.4,5600,0,6,9,0,166,7,77,15,0,76,2,0,1966,2,0,1332,1532,1432,1282,0,1382,3,2.5,500.0,2,0,1,1,0,2,3,1,266.0,2,0,3,1,2,2,1,2,1,0,266000.0,116.0
267,0.45,5700,1,7,10,0,167,8,78,16,0,77,0,0,1967,2,0,1334,1534,1434,1284,0,1384,4,3.0,500.0,2,0,0,1,0,2,3,1,267.0,3,0,1,1,2,3,1,3,1,0,267000.0,117.0
268,0.5,5800,0,8,11,0,168,9,79,17,0,78,2,0,1968,2,2,1336,1536,1436,1286,0,1386,2,2.5,0.0,1,0,1,1,0,2,3,0,268.0,1,0,3,1,2,1,1,2,1,0,268000.0,118.0
269,0.55,5900,1,9,12,0,169,10,80,18,0,79,0,0,1969,2,0,1338,1538,1438,1288,0,1388,3,3.0,500.0,2,0,0,1,0,2,3,1,269.0,2,0,1,1,2,2,1,3,1,0,269000.0,119.0
270,0.1,6000,0,0,8,0,170,1,82,20,0,81,2,0,1970,1,0,1340,1540,1440,1290,0,1390,4,2.5,500.0,2,1,1,1,0,2,3,1,270.0,3,0,3,1,2,3,1,2,1,0,270000.0,120.0
271,0.15,6100,1,1,9,0,171,2,83,21,0,82,0,0,1971,2,2,1342,1542,1442,1292,0,1392,2,3.0,500.0,1,0,0,1,0,2,3,0,271.0,1,0,1,1,2,1,1,3,1,0,271000.0,121.0
272,0.2,6200,0,2,10,0,172,3,84,22,0,83,2,0,1972,2,0,1344,1544,1444,1294,0,1394,3,2.5,0.0,2,0,1,1,0,2,3,1,272.0,2,0,3,1,2,2,1,2,1,0,272000.0,122.0
273,0.25,6300,1,3,11,0,173,4,85,23,0,84,0,0,1973,2,0,1346,1546,1446,1296,0,1396,4,3.0,500.0,2,0,0,1,0,2,3,1,273.0,3,0,1,1,2,3,1,3,1,0,273000.0,123.0
274,0.3,6400,0,4,12,0,174,5,86,24,0,85,2,0,1974,2,2,1348,1548,1448,1298,0,1398,2,2.5,500.0,1,0,1,1,0,2,3,0,274.0,1,0,3,1,2,1,1,2,1,0,274000.0,124.0
275,0.35,6500,1,5,8,0,175,6,87,25,0,86,0,0,1975,2,0,1350,1550,1450,1300,0,1400,3,3.0,500.0,2,1,0,1,0,2,3,1,275.0,2,0,1,1,2,2,1,3,1,0,275000.0,125.0
276,0.4,6600,0,6,9,0,176,7,88,26,0,87,2,0,1976,2,0,1352,1552,1452,1302,0,1402,4,2.5,0.0,2,0,1,1,0,2,3,1,276.0,3,0,3,1,2,3,1,2,1,0,276000.0,126.0
277,0.45,6700,1,7,10,0,177,8,89,27,0,88,0,0,1977,2,2,1354,1554,1454,1304,0,1404,2,3.0,500.0,1,0,0,1,0,2,3,0,277.0,1,0,1,1,2,1,1,3,1,0,277000.0,127.0
278,0.5,6800,0,8,11,0,178,9,90,28,0,89,2,0,1978,2,0,1356,1556,1456,1306,0,1406,3,2.5,500.0,2,0,1,1,0,2,3,1,278.0,2,0,3,1,2,2,1,2,1,0,278000.0,128.0
279,0.55,6900,1,9,12,0,179,10,91,29,0,90,0,0,1979,2,0,1358,1558,1458,1308,0,1408,4,3.0,500.0,2,0,0,1,0,2,3,1,279.0,3,0,1,1,2,3,1,3,1,0,279000.0,129.0
280,0.1,7000,0,0,8,0,180,1,93,31,0,92,2,0,1980,1,2,1360,1560,1460,1310,0,1410,2,2.5,0.0,1,1,1,1,0,2,3,0,280.0,1,0,3,1,2,1,1,2,1,0,280000.0,100.0
281,0.15,7100,1,1,9,0,181,2,94,32,0,93,0,0,1981,2,0,1362,1562,1462,1312,0,1412,3,3.0,500.0,2,0,0,1,0,2,3,1,281.0,2,0,1,1,2,2,1,3,1,0,281000.0,101.0
282,0.2,7200,0,2,10,0,182,3,95,33,0,94,2,0,1982,2,0,1364,1564,1464,1314,0,1414,4,2.5,500.0,2,0,1,1,0,2,3,1,282.0,3,0,3,1,2,3,1,2,1,0,282000.0,102.0
283,0.25,7300,1,3,11,0,183,4,96,34,0,95,0,0,1983,2,2,1366,1566,1466,1316,0,1416,2,3.0,500.0,1,0,0,1,0,2,3,0,283.0,1,0,1,1,2,1,1,3,1,0,283000.0,103.0
284,0.3,7400,0,4,12,0,184,5,97,35,0,96,2,0,1984,2,0,1368,1568,1468,1318,0,1418,3,2.5,0.0,2,0,1,1,0,2,3,1,284.0,2,0,3,1,2,2,1,2,1,0,284000.0,104.0
285,0.35,7500,1,5,8,0,185,6,98,36,0,97,0,0,1985,2,0,1370,1570,1470,1320,0,1420,4,3.0,500.0,2,1,0,1,0,2,3,1,285.0,3,0,1,1,2,3,1,3,1,0,285000.0,105.0
286,0.4,7600,0,6,9,0,186,7,99,37,0,98,2,0,1986,2,2,1372,1572,1472,1322,0,1422,2,2.5,500.0,1,0,1,1,0,2,3,0,286.0,1,0,3,1,2,1,1,2,1,0,286000.0,106.0
287,0.45,7700,1,7,10,0,187,8,100,38,0,99,0,0,1987,2,0,1374,1574,1474,1324,0,1424,3,3.0,500.0,2,0,0,1,0,2,3,1,287.0,2,0,1,1,2,2,1,3,1,0,287000.0,107.0
288,0.5,7800,0,8,11,0,188,9,101,39,0,100,2,0,1988,2,0,1376,1576,1476,1326,0,1426,4,2.5,0.0,2,0,1,1,0,2,3,1,288.0,3,0,3,1,2,3,1,2,1,0,288000.0,108.0
289,0.55,7900,1,9,12,0,189,10,102,40,0,101,0,0,1989,2,2,1378,1578,1478,1328,0,1428,2,3.0,500.0,1,0,0,1,0,2,3,0,289.0,1,0,1,1,2,1,1,3,1,0,289000.0,109.0
290,0.1,8000,0,0,8,0,190,1,104,42,0,103,2,0,1990,1,0,1380,1580,1480,1330,0,1430,3,2.5,500.0,2,1,1,1,0,2,3,1,290.0,2,0,3,1,2,2,1,2,1,0,290000.0,110.0
291,0.15,8100,1,1,9,0,191,2,105,43,0,104,0,0,1991,2,0,1382,1582,1482,1332,0,1432,4,3.0,500.0,2,0,0,1,0,2,3,1,291.0,3,0,1,1,2,3,1,3,1,0,291000.0,111.0
292,0.2,8200,0,2,10,0,192,3,106,44,0,105,2,0,1992,2,2,1384,1584,1484,1334,0,1434,2,2.5,0.0,1,0,1,1,0,2,3,0,292.0,1,0,3,1,2,1,1,2,1,0,292000.0,112.0
293,0.25,8300,1,3,11,0,193,4,107,45,0,106,0,0,1993,2,0,1386,1586,1486,1336,0,1436,3,3.0,500.0,2,0,0,1,0,2,3,1,293.0,2,0,1,1,2,2,1,3,1,0,293000.0,113.0
294,0.3,8400,0,4,12,0,194,5,108,46,0,107,2,0,1994,2,0,1388,1588,1488,1338,0,1438,4,2.5,500.0,2,0,1,1,0,2,3,1,294.0,3,0,3,1,2,3,1,2,1,0,294000.0,114.0
295,0.35,8500,1,5,8,0,195,6,109,47,0,108,0,0,1995,2,2,1390,1590,1490,1340,0,1440,2,3.0,500.0,1,1,0,1,0,2,3,0,295.0,1,0,1,1,2,1,1,3,1,0,295000.0,115.0
296,0.4,8600,0,6,9,0,196,7,110,48,0,109,2,0,1996,2,0,1392,1592,1492,1342,0,1442,3,2.5,0.0,2,0,1,1,0,2,3,1,296.0,2,0,3,1,2,2,1,2,1,0,296000.0,116.0
297,0.45,8700,1,7,10,0,197,8,111,49,0,110,0,0,1997,2,0,1394,1594,1494,1344,0,1444,4,3.0,500.0,2,0,0,1,0,2,3,1,297.0,3,0,1,1,2,3,1,3,1,0,297000.0,117.0
298,0.5,8800,0,8,11,0,198,9,112,50,0,111,2,0,1998,2,2,1396,1596,1496,1346,0,1446,2,2.5,500.0,1,0,1,1,0,2,3,0,298.0,1,0,3,1,2,1,1,2,1,0,298000.0,118.0
299,0.55,8900,1,9,12,0,199,10,113,51,0,112,0,0,1999,2,0,1398,1598,1498,1348,0,1448,3,3.0,500.0,2,0,0,1,0,2,3,1,299.0,2,0,1,1,2,2,1,3,1,0,299000.0,119.0
300,0.1,4000,0,0,8,0,200,1,14,7,0,115,2,0,2000,1,0,1400,1600,1500,1350,0,1450,4,2.5,0.0,2,1,1,1,0,2,3,1,200.0,3,0,3,1,2,3,1,2,1,0,300000.0,120.0
301,0.15,4100,1,1,9,0,201,2,15,8,0,116,0,0,2001,2,2,1402,1602,1502,1352,0,1452,2,3.0,500.0,1,0,0,1,0,2,3,0,201.0,1,0,1,1,2,1,1,3,1,0,301000.0,121.0
302,0.2,4200,0,2,10,0,202,3,26,19,0,117,2,0,2002,2,0,1404,1604,1504,1354,0,1454,3,2.5,500.0,2,0,1,1,0,2,3,1,202.0,2,0,3,1,2,2,1,2,1,0,302000.0,122.0
303,0.25,4300,1,3,11,0,203,4,37,30,0,118,0,0,2003,2,0,1406,1606,1506,1356,0,1456,4,3.0,500.0,2,0,0,1,0,2,3,1,203.0,3,0,1,1,2,3,1,3,1,0,303000.0,123.0
304,0.3,4400,0,4,12,0,204,5,48,41,0,119,2,0,2004,2,2,1408,1608,1508,1358,0,1458,2,2.5,0.0,1,0,1,1,0,2,3,0,204.0,1,0,3,1,2,1,1,2,1,0,304000.0,124.0
305,0.35,4500,1,5,8,0,205,6,59,52,0,120,0,0,2005,2,0,1410,1610,1510,1360,0,1460,3,3.0,500.0,2,1,0,1,0,2,3,1,205.0,2,0,1,1,2,2,1,3,1,0,305000.0,125.0
306,0.4,4600,0,6,9,0,206,7,70,53,0,121,2,0,2006,2,0,1412,1612,1512,1362,0,1462,4,2.5,500.0,2,0,1,1,0,2,3,1,206.0,3,0,3,1,2,3,1,2,1,0,306000.0,126.0
307,0.45,4700,1,7,10,0,207,8,81,54,0,122,0,0,2007,2,2,1414,1614,1514,1364,0,1464,2,3.0,500.0,1,0,0,1,0,2,3,0,207.0,1,0,1,1,2,1,1,3,1,0,307000.0,127.0
308,0.5,4800,0,8,11,0,208,9,92,55,0,123,2,0,2008,2,0,1416,1616,1516,1366,0,1466,3,2.5,0.0,2,0,1,1,0,2,3,1,208.0,2,0,3,1,2,2,1,2,1,0,308000.0,128.0
309,0.55,4900,1,9,12,0,209,10,103,56,0,124,0,0,2009,2,0,1418,1618,1518,1368,0,1468,4,3.0,500.0,2,0,0,1,0,2,3,1,209.0,3,0,1,1,2,3,1,3,1,0,309000.0,129.0
310,0.1,5000,0,0,8,0,210,1,16,9,0,126,2,0,2010,1,2,1420,1620,1520,1370,0,1470,2,2.5,500.0,1,1,1,1,0,2,3,0,210.0,1,0,3,1,2,1,1,2,1,0,310000.0,100.0
311,0.15,5100,1,1,9,0,211,2,17,10,0,127,0,0,2011,2,0,1422,1622,1522,1372,0,1472,3,3.0,500.0,2,0,0,1,0,2,3,1,211.0,2,0,1,1,2,2,1,3,1,0,311000.0,101.0
312,0.2,5200,0,2,10,0,212,3,18,11,0,128,2,0,2012,2,0,1424,1624,1524,1374,0,1474,4,2.5,0.0,2,0,1,1,0,2,3,1,212.0,3,0,3,1,2,3,1,2,1,0,312000.0,102.0
313,0.25,5300,1,3,11,0,213,4,19,12,0,129,0,0,2013,2,2,1426,1626,1526,1376,0,1476,2,3.0,500.0,1,0,0,1,0,2,3,0,213.0,1,0,1,1,2,1,1,3,1,0,313000.0,103.0
314,0.3,5400,0,4,12,0,214,5,20,13,0,130,2,0,2014,2,0,1428,1628,1528,1378,0,1478,3,2.5,500.0,2,0,1,1,0,2,3,1,214.0,2,0,3,1,2,2,1,2,1,0,314000.0,104.0
315,0.35,5500,1,5,8,0,215,6,21,14,0,131,0,0,2015,2,0,1430,1630,1530,1380,0,1480,4,3.0,500.0,2,1,0,1,0,2,3,1,215.0,3,0,1,1,2,3,1,3,1,0,315000.0,105.0
316,0.4,5600,0,6,9,0,216,7,22,15,0,132,2,0,2016,2,2,1432,1632,1532,1382,0,1482,2,2.5,0.0,1,0,1,1,0,2,3,0,216.0,1,0,3,1,2,1,1,2,1,0,316000.0,106.0
317,0.45,5700,1,7,10,0,217,8,23,16,0,133,0,0,2017,2,0,1434,1634,1534,1384,0,1484,3,3.0,500.0,2,0,0,1,0,2,3,1,217.0,2,0,1,1,2,2,1,3,1,0,317000.0,107.0
318,0.5,5800,0,8,11,0,218,9,24,17,0,134,2,0,2018,2,0,1436,1636,1536,1386,0,1486,4,2.5,500.0,2,0,1,1,0,2,3,1,218.0,3,0,3,1,2,3,1,2,1,0,318000.0,108.0
319,0.55,5900,1,9,12,0,219,10,25,18,0,135,0,0,2019,2,2,1438,1638,1538,1388,0,1488,2,3.0,500.0,1,0,0,1,0,2,3,0,219.0,1,0,1,1,2,1,1,3,1,0,319000.0,109.0
320,0.1,6000,0,0,8,0,220,1,27,20,0,137,2,0,2020,1,0,1440,1640,1540,1390,0,1490,3,2.5,0.0,2,1,1,1,0,2,3,1,220.0,2,0,3,1,2,2,1,2,1,0,320000.0,110.0
321,0.15,6100,1,1,9,0,221,2,28,21,0,138,0,0,2021,2,0,1442,1642,1542,1392,0,1492,4,3.0,500.0,2,0,0,1,0,2,3,1,221.0,3,0,1,1,2,3,1,3,1,0,321000.0,111.0
322,0.2,6200,0,2,10,0,222,3,29,22,0,139,2,0,2022,2,2,1444,1644,1544,1394,0,1494,2,2.5,500.0,1,0,1,1,0,2,3,0,222.0,1,0,3,1,2,1,1,2,1,0,322000.0,112.0
323,0.25,6300,1,3,11,0,223,4,30,23,0,140,0,0,2023,2,0,1446,1646,1546,1396,0,1496,3,3.0,500.0,2,0,0,1,0,2,3,1,223.0,2,0,1,1,2,2,1,3,1,0,323000.0,113.0
324,0.3,6400,0,4,12,0,224,5,31,24,0,141,2,0,2024,2,0,1448,1648,1548,1398,0,1498,4,2.5,0.0,2,0,1,1,0,2,3,1,224.0,3,0,3,1,2,3,1,2,1,0,324000.0,114.0
325,0.35,6500,1,5,8,0,225,6,32,25,0,142,0,0,1950,2,2,1450,1650,1550,1400,0,1500,2,3.0,500.0,1,1,0,1,0,2,3,0,225.0,1,0,1,1,2,1,1,3,1,0,325000.0,115.0
326,0.4,6600,0,6,9,0,226,7,33,26,0,143,2,0,1951,2,0,1452,1652,1552,1402,0,1502,3,2.5,500.0,2,0,1,1,0,2,3,1,226.0,2,0,3,1,2,2,1,2,1,0,326000.0,116.0
327,0.45,6700,1,7,10,0,227,8,34,27,0,144,0,0,1952,2,0,1454,1654,1554,1404,0,1504,4,3.0,500.0,2,0,0,1,0,2,3,1,227.0,3,0,1,1,2,3,1,3,1,0,327000.0,117.0
328,0.5,6800,0,8,11,0,228,9,35,28,0,145,2,0,1953,2,2,1456,1656,1556,1406,0,1506,2,2.5,0.0,1,0,1,1,0,2,3,0,228.0,1,0,3,1,2,1,1,2,1,0,328000.0,118.0
329,0.55,6900,1,9,12,0,229,10,36,29,0,146,0,0,1954,2,0,1458,1658,1558,1408,0,1508,3,3.0,500.0,2,0,0,1,0,2,3,1,229.0,2,0,1,1,2,2,1,3,1,0,329000.0,119.0
330,0.1,7000,0,0,8,0,230,1,38,31,0,148,2,0,1955,1,0,1460,1660,1560,1410,0,1510,4,2.5,500.0,2,1,1,1,0,2,3,1,230.0,3,0,3,1,2,3,1,2,1,0,330000.0,120.0
331,0.15,7100,1,1,9,0,231,2,39,32,0,149,0,0,1956,2,2,1462,1662,1562,1412,0,1512,2,3.0,500.0,1,0,0,1,0,2,3,0,231.0,1,0,1,1,2,1,1,3,1,0,331000.0,121.0
332,0.2,7200,0,2,10,0,232,3,40,33,0,150,2,0,1957,2,0,1464,1664,1564,1414,0,1514,3,2.5,0.0,2,0,1,1,0,2,3,1,232.0,2,0,3,1,2,2,1,2,1,0,332000.0,122.0
333,0.25,7300,1,3,11,0,233,4,41,34,0,151,0,0,1958,2,0,1466,1666,1566,1416,0,1516,4,3.0,500.0,2,0,0,1,0,2,3,1,233.0,3,0,1,1,2,3,1,3,1,0,333000.0,123.0
334,0.3,7400,0,4,12,0,234,5,42,35,0,152,2,0,1959,2,2,1468,1668,1568,1418,0,1518,2,2.5,500.0,1,0,1,1,0,2,3,0,234.0,1,0,3,1,2,1,1,2,1,0,334000.0,124.0
335,0.35,7500,1,5,8,0,235,6,43,36,0,153,0,0,1960,2,0,1470,1670,1570,1420,0,1520,3,3.0,500.0,2,1,0,1,0,2,3,1,235.0,2,0,1,1,2,2,1,3,1,0,335000.0,125.0
336,0.4,7600,0,6,9,0,236,7,44,37,0,154,2,0,1961,2,0,1472,1672,1572,1422,0,1522,4,2.5,0.0,2,0,1,1,0,2,3,1,236.0,3,0,3,1,2,3,1,2,1,0,336000.0,126.0
337,0.45,7700,1,7,10,0,237,8,45,38,0,155,0,0,1962,2,2,1474,1674,1574,1424,0,1524,2,3.0,500.0,1,0,0,1,0,2,3,0,237.0,1,0,1,1,2,1,1,3,1,0,337000.0,127.0
338,0.5,7800,0,8,11,0,238,9,46,39,0,156,2,0,1963,2,0,1476,1676,1576,1426,0,1526,3,2.5,500.0,2,0,1,1,0,2,3,1,238.0,2,0,3,1,2,2,1,2,1,0,338000.0,128.0
339,0.55,7900,1,9,12,0,239,10,47,40,0,157,0,0,1964,2,0,1478,1678,1578,1428,0,1528,4,3.0,500.0,2,0,0,1,0,2,3,1,239.0,3,0,1,1,2,3,1,3,1,0,339000.0,129.0
340,0.1,8000,0,0,8,0,240,1,49,42,0,159,2,0,1965,1,2,1480,1680,1580,1430,0,1530,2,2.5,0.0,1,1,1,1,0,2,3,0,240.0,1,0,3,1,2,1,1,2,1,0,340000.0,100.0
341,0.15,8100,1,1,9,0,241,2,50,43,0,160,0,0,1966,2,0,1482,1682,1582,1432,0,1532,3,3.0,500.0,2,0,0,1,0,2,3,1,241.0,2,0,1,1,2,2,1,3,1,0,341000.0,101.0
342,0.2,8200,0,2,10,0,242,3,51,44,0,161,2,0,1967,2,0,1484,1684,1584,1434,0,1534,4,2.5,500.0,2,0,1,1,0,2,3,1,242.0,3,0,3,1,2,3,1,2,1,0,342000.0,102.0
343,0.25,8300,1,3,11,0,243,4,52,45,0,162,0,0,1968,2,2,1486,1686,1586,1436,0,1536,2,3.0,500.0,1,0,0,1,0,2,3,0,243.0,1,0,1,1,2,1,1,3,1,0,343000.0,103.0
344,0.3,8400,0,4,12,0,244,5,53,46,0,163,2,0,1969,2,0,1488,1688,1588,1438,0,1538,3,2.5,0.0,2,0,1,1,0,2,3,1,244.0,2,0,3,1,2,2,1,2,1,0,344000.0,104.0
345,0.35,8500,1,5,8,0,245,6,54,47,0,164,0,0,1970,2,0,1490,1690,1590,1440,0,1540,4,3.0,500.0,2,1,0,1,0,2,3,1,245.0,3,0,1,1,2,3,1,3,1,0,345000.0,105.0
346,0.4,8600,0,6,9,0,246,7,55,48,0,165,2,0,1971,2,2,1492,1692,1592,1442,0,1542,2,2.5,500.0,1,0,1,1,0,2,3,0,246.0,1,0,3,1,2,1,1,2,1,0,346000.0,106.0
347,0.45,8700,1,7,10,0,247,8,56,49,0,166,0,0,1972,2,0,1494,1694,1594,1444,0,1544,3,3.0,500.0,2,0,0,1,0,2,3,1,247.0,2,0,1,1,2,2,1,3,1,0,347000.0,107.0
348,0.5,8800,0,8,11,0,248,9,57,50,0,167,2,0,1973,2,0,1496,1696,1596,1446,0,1546,4,2.5,0.0,2,0,1,1,0,2,3,1,248.0,3,0,3,1,2,3,1,2,1,0,348000.0,108.0
349,0.55,8900,1,9,12,0,249,10,58,51,0,168,0,0,1974,2,2,1498,1698,1598,1448,0,1548,2,3.0,500.0,1,0,0,1,0,2,3,0,249.0,1,0,1,1,2,1,1,3,1,0,349000.0,109.0
350,0.1,4000,0,0,8,0,250,1,60,7,0,170,2,0,1975,1,0,1500,1700,1600,1450,0,1550,3,2.5,500.0,2,1,1,1,0,2,3,1,250.0,2,0,3,1,2,2,1,2,1,0,350000.0,110.0
351,0.15,4100,1,1,9,0,251,2,61,8,0,171,0,0,1976,2,0,1502,1702,1602,1452,0,1552,4,3.0,500.0,2,0,0,1,0,2,3,1,251.0,3,0,1,1,2,3,1,3,1,0,351000.0,111.0
352,0.2,4200,0,2,10,0,252,3,62,19,0,172,2,0,1977,2,2,1504,1704,1604,1454,0,1554,2,2.5,0.0,1,0,1,1,0,2,3,0,252.0,1,0,3,1,2,1,1,2,1,0,352000.0,112.0
353,0.25,4300,1,3,11,0,253,4,63,30,0,173,0,0,1978,2,0,1506,1706,1606,1456,0,1556,3,3.0,500.0,2,0,0,1,0,2,3,1,253.0,2,0,1,1,2,2,1,3,1,0,353000.0,113.0
354,0.3,4400,0,4,12,0,254,5,64,41,0,174,2,0,1979,2,0,1508,1708,1608,1458,0,1558,4,2.5,500.0,2,0,1,1,0,2,3,1,254.0,3,0,3,1,2,3,1,2,1,0,354000.0,114.0
355,0.35,4500,1,5,8,0,255,6,65,52,0,175,0,0,1980,2,2,1510,1710,1610,1460,0,1560,2,3.0,500.0,1,1,0,1,0,2,3,0,255.0,1,0,1,1,2,1,1,3,1,0,355000.0,115.0
356,0.4,4600,0,6,9,0,256,7,66,53,0,176,2,0,1981,2,0,1512,1712,1612,1462,0,1562,3,2.5,0.0,2,0,1,1,0,2,3,1,256.0,2,0,3,1,2,2,1,2,1,0,356000.0,116.0
357,0.45,4700,1,7,10,0,257,8,67,54,0,177,0,0,1982,2,0,1514,1714,1614,1464,0,1564,4,3.0,500.0,2,0,0,1,0,2,3,1,257.0,3,0,1,1,2,3,1,3,1,0,357000.0,117.0
358,0.5,4800,0,8,11,0,258,9,68,55,0,178,2,0,1983,2,2,1516,1716,1616,1466,0,1566,2,2.5,500.0,1,0,1,1,0,2,3,0,258.0,1,0,3,1,2,1,1,2,1,0,358000.0,118.0
359,0.55,4900,1,9,12,0,259,10,69,56,0,179,0,0,1984,2,0,1518,1718,1618,1468,0,1568,3,3.0,500.0,2,0,0,1,0,2,3,1,259.0,2,0,1,1,2,2,1,3,1,0,359000.0,119.0
360,0.1,5000,0,0,8,0,260,1,71,9,0,181,2,0,1985,1,0,1520,1720,1620,1470,0,1570,4,2.5,0.0,2,1,1,1,0,2,3,1,260.0,3,0,3,1,2,3,1,2,1,0,360000.0,120.0
361,0.15,5100,1,1,9,0,261,2,72,10,0,182,0,0,1986,2,2,1522,1722,1622,1472,0,1572,2,3.0,500.0,1,0,0,1,0,2,3,0,261.0,1,0,1,1,2,1,1,3,1,0,361000.0,121.0
362,0.2,5200,0,2,10,0,262,3,73,11,0,183,2,0,1987,2,0,1524,1724,1624,1474,0,1574,3,2.5,500.0,2,0,1,1,0,2,3,1,262.0,2,0,3,1,2,2,1,2,1,0,362000.0,122.0
363,0.25,5300,1,3,11,0,263,4,74,12,0,184,0,0,1988,2,0,1526,1726,1626,1476,0,1576,4,3.0,500.0,2,0,0,1,0,2,3,1,263.0,3,0,1,1,2,3,1,3,1,0,363000.0,123.0
364,0.3,5400,0,4,12,0,264,5,75,13,0,185,2,0,1989,2,2,1528,1728,1628,1478,0,1578,2,2.5,0.0,1,0,1,1,0,2,3,0,264.0,1,0,3,1,2,1,1,2,1,0,364000.0,124.0
365,0.35,5500,1,5,8,0,265,6,76,14,0,186,0,0,1990,2,0,1530,1730,1630,1480,0,1580,3,3.0,500.0,2,1,0,1,0,2,3,1,265.0,2,0,1,1,2,2,1,3,1,0,365000.0,125.0
366,0.4,5600,0,6,9,0,266,7,77,15,0,187,2,0,1991,2,0,1532,1732,1632,1482,0,1582,4,2.5,500.0,2,0,1,1,0,2,3,1,266.0,3,0,3,1,2,3,1,2,1,0,366000.0,126.0
367,0.45,5700,1,7,10,0,267,8,78,16,0,188,0,0,1992,2,2,1534,1734,1634,1484,0,1584,2,3.0,500.0,1,0,0,1,0,2,3,0,267.0,1,0,1,1,2,1,1,3,1,0,367000.0,127.0
368,0.5,5800,0,8,11,0,268,9,79,17,0,189,2,0,1993,2,0,1536,1736,1636,1486,0,1586,3,2.5,0.0,2,0,1,1,0,2,3,1,268.0,2,0,3,1,2,2,1,2,1,0,368000.0,128.0
369,0.55,5900,1,9,12,0,269,10,80,18,0,190,0,0,1994,2,0,1538,1738,1638,1488,0,1588,4,3.0,500.0,2,0,0,1,0,2,3,1,269.0,3,0,1,1,2,3,1,3,1,0,369000.0,129.0
370,0.1,6000,0,0,8,0,270,1,82,20,0,192,2,0,1995,1,2,1540,1740,1640,1490,0,1590,2,2.5,500.0,1,1,1,1,0,2,3,0,270.0,1,0,3,1,2,1,1,2,1,0,370000.0,100.0
371,0.15,6100,1,1,9,0,271,2,83,21,0,193,0,0,1996,2,0,1542,1742,1642,1492,0,1592,3,3.0,500.0,2,0,0,1,0,2,3,1,271.0,2,0,1,1,2,2,1,3,1,0,371000.0,101.0
372,0.2,6200,0,2,10,0,272,3,84,22,0,194,2,0,1997,2,0,1544,1744,1644,1494,0,1594,4,2.5,0.0,2,0,1,1,0,2,3,1,272.0,3,0,3,1,2,3,1,2,1,0,372000.0,102.0
373,0.25,6300,1,3,11,0,273,4,85,23,0,195,0,0,1998,2,2,1546,1746,1646,1496,0,1596,2,3.0,500.0,1,0,0,1,0,2,3,0,273.0,1,0,1,1,2,1,1,3,1,0,373000.0,103.0
374,0.3,6400,0,4,12,0,274,5,86,24,0,196,2,0,1999,2,0,1548,1748,1648,1498,0,1598,3,2.5,500.0,2,0,1,1,0,2,3,1,274.0,2,0,3,1,2,2,1,2,1,0,374000.0,104.0
375,0.35,6500,1,5,8,0,275,6,87,25,0,197,0,0,2000,2,0,1550,1750,1650,1500,0,1600,4,3.0,500.0,2,1,0,1,0,2,3,1,275.0,3,0,1,1,2,3,1,3,1,0,375000.0,105.0
376,0.4,6600,0,6,9,0,276,7,88,26,0,198,2,0,2001,2,2,1552,1752,1652,1502,0,1602,2,2.5,0.0,1,0,1,1,0,2,3,0,276.0,1,0,3,1,2,1,1,2,1,0,376000.0,106.0
377,0.45,6700,1,7,10,0,277,8,89,27,0,199,0,0,2002,2,0,1554,1754,1654,1504,0,1604,3,3.0,500.0,2,0,0,1,0,2,3,1,277.0,2,0,1,1,2,2,1,3,1,0,377000.0,107.0
378,0.5,6800,0,8,11,0,278,9,90,28,0,200,2,0,2003,2,0,1556,1756,1656,1506,0,1606,4,2.5,500.0,2,0,1,1,0,2,3,1,278.0,3,0,3,1,2,3,1,2,1,0,378000.0,108.0
379,0.55,6900,1,9,12,0,279,10,91,29,0,201,0,0,2004,2,2,1558,1758,1658,1508,0,1608,2,3.0,500.0,1,0,0,1,0,2,3,0,279.0,1,0,1,1,2,1,1,3,1,0,379000.0,109.0
380,0.1,7000,0,0,8,0,281,1,93,31,0,203,2,0,2005,1,0,1560,1760,1660,1510,0,1610,3,2.5,0.0,2,1,1,1,0,2,3,1,280.0,2,0,3,1,2,2,1,2,1,0,380000.0,110.0
381,0.15,7100,1,1,9,0,282,2,94,32,0,204,0,0,2006,2,0,1562,1762,1662,1512,0,1612,4,3.0,500.0,2,0,0,1,0,2,3,1,281.0,3,0,1,1,2,3,1,3,1,0,381000.0,111.0
382,0.2,7200,0,2,10,0,283,3,95,33,0,205,2,0,2007,2,2,1564,1764,1664,1514,0,1614,2,2.5,500.0,1,0,1,1,0,2,3,0,282.0,1,0,3,1,2,1,1,2,1,0,382000.0,112.0
383,0.25,7300,1,3,11,0,284,4,96,34,0,206,0,0,2008,2,0,1566,1766,1666,1516,0,1616,3,3.0,500.0,2,0,0,1,0,2,3,1,283.0,2,0,1,1,2,2,1,3,1,0,383000.0,113.0
384,0.3,7400,0,4,12,0,285,5,97,35,0,207,2,0,2009,2,0,1568,1768,1668,1518,0,1618,4,2.5,0.0,2,0,1,1,0,2,3,1,284.0,3,0,3,1,2,3,1,2,1,0,384000.0,114.0
385,0.35,7500,1,5,8,0,286,6,98,36,0,208,0,0,2010,2,2,1570,1770,1670,1520,0,1620,2,3.0,500.0,1,1,0,1,0,2,3,0,285.0,1,0,1,1,2,1,1,3,1,0,385000.0,115.0
386,0.4,7600,0,6,9,0,287,7,99,37,0,209,2,0,2011,2,0,1572,1772,1672,1522,0,1622,3,2.5,500.0,2,0,1,1,0,2,3,1,286.0,2,0,3,1,2,2,1,2,1,0,386000.0,116.0
387,0.45,7700,1,7,10,0,288,8,100,38,0,210,0,0,2012,2,0,1574,1774,1674,1524,0,1624,4,3.0,500.0,2,0,0,1,0,2,3,1,287.0,3,0,1,1,2,3,1,3,1,0,387000.0,117.0
388,0.5,7800,0,8,11,0,289,9,101,39,0,211,2,0,2013,2,2,1576,1776,1676,1526,0,1626,2,2.5,0.0,1,0,1,1,0,2,3,0,288.0,1,0,3,1,2,1,1,2,1,0,388000.0,118.0
389,0.55,7900,1,9,12,0,290,10,102,40,0,212,0,0,2014,2,0,1578,1778,1678,1528,0,1628,3,3.0,500.0,2,0,0,1,0,2,3,1,289.0,2,0,1,1,2,2,1,3,1,0,389000.0,119.0
390,0.1,8000,0,0,8,0,291,1,104,42,0,214,2,0,2015,1,0,1580,1780,1680,1530,0,1630,4,2.5,500.0,2,1,1,1,0,2,3,1,290.0,3,0,3,1,2,3,1,2,1,0,390000.0,120.0
391,0.15,8100,1,1,9,0,292,2,105,43,0,215,0,0,2016,2,2,1582,1782,1682,1532,0,1632,2,3.0,500.0,1,0,0,1,0,2,3,0,291.0,1,0,1,1,2,1,1,3,1,0,391000.0,121.0
392,0.2,8200,0,2,10,0,293,3,106,44,0,216,2,0,2017,2,0,1584,1784,1684,1534,0,1634,3,2.5,0.0,2,0,1,1,0,2,3,1,292.0,2,0,3,1,2,2,1,2,1,0,392000.0,122.0
393,0.25,8300,1,3,11,0,294,4,107,45,0,217,0,0,2018,2,0,1586,1786,1686,1536,0,1636,4,3.0,500.0,2,0,0,1,0,2,3,1,293.0,3,0,1,1,2,3,1,3,1,0,393000.0,123.0
394,0.3,8400,0,4,12,0,295,5,108,46,0,218,2,0,2019,2,2,1588,1788,1688,1538,0,1638,2,2.5,500.0,1,0,1,1,0,2,3,0,294.0,1,0,3,1,2,1,1,2,1,0,394000.0,124.0
395,0.35,8500,1,5,8,0,296,6,109,47,0,219,0,0,2020,2,0,1590,1790,1690,1540,0,1640,3,3.0,500.0,2,1,0,1,0,2,3,1,295.0,2,0,1,1,2,2,1,3,1,0,395000.0,125.0
396,0.4,8600,0,6,9,0,297,7,110,48,0,220,2,0,2021,2,0,1592,1792,1692,1542,0,1642,4,2.5,0.0,2,0,1,1,0,2,3,1,296.0,3,0,3,1,2,3,1,2,1,0,396000.0,126.0
397,0.45,8700,1,7,10,0,298,8,111,49,0,221,0,0,2022,2,2,1594,1794,1694,1544,0,1644,2,3.0,500.0,1,0,0,1,0,2,3,0,297.0,1,0,1,1,2,1,1,3,1,0,397000.0,127.0
398,0.5,8800,0,8,11,0,299,9,112,50,0,222,2,0,2023,2,0,1596,1796,1696,1546,0,1646,3,2.5,500.0,2,0,1,1,0,2,3,1,298.0,2,0,3,1,2,2,1,2,1,0,398000.0,128.0
399,0.55,8900,1,9,12,0,300,10,113,51,0,223,0,0,2024,2,0,1598,1798,1698,1548,0,1648,4,3.0,500.0,2,0,0,1,0,2,3,1,299.0,3,0,1,1,2,3,1,3,1,0,399000.0,129.0
400,0.1,4000,0,0,8,0,301,1,14,7,0,226,2,0,1950,1,2,1600,1800,1700,1550,0,1650,2,2.5,0.0,1,1,1,1,0,2,3,0,200.0,1,0,3,1,2,1,1,2,1,0,400000.0,100.0
401,0.15,4100,1,1,9,0,302,2,15,8,0,227,0,0,1951,2,0,1602,1802,1702,1552,0,1652,3,3.0,500.0,2,0,0,1,0,2,3,1,201.0,2,0,1,1,2,2,1,3,1,0,401000.0,101.0
402,0.2,4200,0,2,10,0,303,3,26,19,0,228,2,0,1952,2,0,1604,1804,1704,1554,0,1654,4,2.5,500.0,2,0,1,1,0,2,3,1,202.0,3,0,3,1,2,3,1,2,1,0,402000.0,102.0
403,0.25,4300,1,3,11,0,304,4,37,30,0,229,0,0,1953,2,2,1606,1806,1706,1556,0,1656,2,3.0,500.0,1,0,0,1,0,2,3,0,203.0,1,0,1,1,2,1,1,3,1,0,403000.0,103.0
404,0.3,4400,0,4,12,0,305,5,48,41,0,230,2,0,1954,2,0,1608,1808,1708,1558,0,1658,3,2.5,0.0,2,0,1,1,0,2,3,1,204.0,2,0,3,1,2,2,1,2,1,0,404000.0,104.0
405,0.35,4500,1,5,8,0,306,6,59,52,0,231,0,0,1955,2,0,1610,1810,1710,1560,0,1660,4,3.0,500.0,2,1,0,1,0,2,3,1,205.0,3,0,1,1,2,3,1,3,1,0,405000.0,105.0
406,0.4,4600,0,6,9,0,307,7,70,53,0,232,2,0,1956,2,2,1612,1812,1712,1562,0,1662,2,2.5,500.0,1,0,1,1,0,2,3,0,206.0,1,0,3,1,2,1,1,2,1,0,406000.0,106.0
407,0.45,4700,1,7,10,0,308,8,81,54,0,233,0,0,1957,2,0,1614,1814,1714,1564,0,1664,3,3.0,500.0,2,0,0,1,0,2,3,1,207.0,2,0,1,1,2,2,1,3,1,0,407000.0,107.0
408,0.5,4800,0,8,11,0,309,9,92,55,0,234,2,0,1958,2,0,1616,1816,1716,1566,0,1666,4,2.5,0.0,2,0,1,1,0,2,3,1,208.0,3,0,3,1,2,3,1,2,1,0,408000.0,108.0
409,0.55,4900,1,9,12,0,310,10,103,56,0,235,0,0,1959,2,2,1618,1818,1718,1568,0,1668,2,3.0,500.0,1,0,0,1,0,2,3,0,209.0,1,0,1,1,2,1,1,3,1,0,409000.0,109.0
410,0.1,5000,0,0,8,0,311,1,16,9,0,237,2,0,1960,1,0,1620,1820,1720,1570,0,1670,3,2.5,500.0,2,1,1,1,0,2,3,1,210.0,2,0,3,1,2,2,1,2,1,0,410000.0,110.0
411,0.15,5100,1,1,9,0,312,2,17,10,0,238,0,0,1961,2,0,1622,1822,1722,1572,0,1672,4,3.0,500.0,2,0,0,1,0,2,3,1,211.0,3,0,1,1,2,3,1,3,1,0,411000.0,111.0
412,0.2,5200,0,2,10,0,313,3,18,11,0,239,2,0,1962,2,2,1624,1824,1724,1574,0,1674,2,2.5,0.0,1,0,1,1,0,2,3,0,212.0,1,0,3,1,2,1,1,2,1,0,412000.0,112.0
413,0.25,5300,1,3,11,0,314,4,19,12,0,240,0,0,1963,2,0,1626,1826,1726,1576,0,1676,3,3.0,500.0,2,0,0,1,0,2,3,1,213.0,2,0,1,1,2,2,1,3,1,0,413000.0,113.0
414,0.3,5400,0,4,12,0,315,5,20,13,0,241,2,0,1964,2,0,1628,1828,1728,1578,0,1678,4,2.5,500.0,2,0,1,1,0,2,3,1,214.0,3,0,3,1,2,3,1,2,1,0,414000.0,114.0
415,0.35,5500,1,5,8,0,316,6,21,14,0,242,0,0,1965,2,2,1630,1830,1730,1580,0,1680,2,3.0,500.0,1,1,0,1,0,2,3,0,215.0,1,0,1,1,2,1,1,3,1,0,415000.0,115.0
416,0.4,5600,0,6,9,0,317,7,22,15,0,243,2,0,1966,2,0,1632,1832,1732,1582,0,1682,3,2.5,0.0,2,0,1,1,0,2,3,1,216.0,2,0,3,1,2,2,1,2,1,0,416000.0,116.0
417,0.45,5700,1,7,10,0,318,8,23,16,0,244,0,0,1967,2,0,1634,1834,1734,1584,0,1684,4,3.0,500.0,2,0,0,1,0,2,3,1,217.0,3,0,1,1,2,3,1,3,1,0,417000.0,117.0
418,0.5,5800,0,8,11,0,319,9,24,17,0,245,2,0,1968,2,2,1636,1836,1736,1586,0,1686,2,2.5,500.0,1,0,1,1,0,2,3,0,218.0,1,0,3,1,2,1,1,2,1,0,418000.0,118.0
419,0.55,5900,1,9,12,0,320,10,25,18,0,246,0,0,1969,2,0,1638,1838,1738,1588,0,1688,3,3.0,500.0,2,0,0,1,0,2,3,1,219.0,2,0,1,1,2,2,1,3,1,0,419000.0,119.0
420,0.1,6000,0,0,8,0,322,1,27,20,0,248,2,0,1970,1,0,1640,1840,1740,1590,0,1690,4,2.5,0.0,2,1,1,1,0,2,3,1,220.0,3,0,3,1,2,3,1,2,1,0,420000.0,120.0
421,0.15,6100,1,1,9,0,323,2,28,21,0,249,0,0,1971,2,2,1642,1842,1742,1592,0,1692,2,3.0,500.0,1,0,0,1,0,2,3,0,221.0,1,0,1,1,2,1,1,3,1,0,421000.0,121.0
422,0.2,6200,0,2,10,0,324,3,29,22,0,250,2,0,1972,2,0,1644,1844,1744,1594,0,1694,3,2.5,500.0,2,0,1,1,0,2,3,1,222.0,2,0,3,1,2,2,1,2,1,0,422000.0,122.0
423,0.25,6300,1,3,11,0,325,4,30,23,0,251,0,0,1973,2,0,1646,1846,1746,1596,0,1696,4,3.0,500.0,2,0,0,1,0,2,3,1,223.0,3,0,1,1,2,3,1,3,1,0,423000.0,123.0
424,0.3,6400,0,4,12,0,326,5,31,24,0,252,2,0,1974,2,2,1648,1848,1748,1598,0,1698,2,2.5,0.0,1,0,1,1,0,2,3,0,224.0,1,0,3,1,2,1,1,2,1,0,424000.0,124.0
425,0.35,6500,1,5,8,0,327,6,32,25,0,253,0,0,1975,2,0,1650,1850,1750,1600,0,1700,3,3.0,500.0,2,1,0,1,0,2,3,1,225.0,2,0,1,1,2,2,1,3,1,0,425000.0,125.0
426,0.4,6600,0,6,9,0,328,7,33,26,0,254,2,0,1976,2,0,1652,1852,1752,1602,0,1702,4,2.5,500.0,2,0,1,1,0,2,3,1,226.0,3,0,3,1,2,3,1,2,1,0,426000.0,126.0
427,0.45,6700,1,7,10,0,329,8,34,27,0,255,0,0,1977,2,2,1654,1854,1754,1604,0,1704,2,3.0,500.0,1,0,0,1,0,2,3,0,227.0,1,0,1,1,2,1,1,3,1,0,427000.0,127.0
428,0.5,6800,0,8,11,0,330,9,35,28,0,256,2,0,1978,2,0,1656,1856,1756,1606,0,1706,3,2.5,0.0,2,0,1,1,0,2,3,1,228.0,2,0,3,1,2,2,1,2,1,0,428000.0,128.0
429,0.55,6900,1,9,12,0,331,10,36,29,0,257,0,0,1979,2,0,1658,1858,1758,1608,0,1708,4,3.0,500.0,2,0,0,1,0,2,3,1,229.0,3,0,1,1,2,3,1,3,1,0,429000.0,129.0
430,0.1,7000,0,0,8,0,332,1,38,31,0,259,2,0,1980,1,2,1660,1860,1760,1610,0,1710,2,2.5,500.0,1,1,1,1,0,2,3,0,230.0,1,0,3,1,2,1,1,2,1,0,430000.0,100.0
431,0.15,7100,1,1,9,0,333,2,39,32,0,260,0,0,1981,2,0,1662,1862,1762,1612,0,1712,3,3.0,500.0,2,0,0,1,0,2,3,1,231.0,2,0,1,1,2,2,1,3,1,0,431000.0,101.0
432,0.2,7200,0,2,10,0,334,3,40,33,0,261,2,0,1982,2,0,1664,1864,1764,1614,0,1714,4,2.5,0.0,2,0,1,1,0,2,3,1,232.0,3,0,3,1,2,3,1,2,1,0,432000.0,102.0
433,0.25,7300,1,3,11,0,335,4,41,34,0,262,0,0,1983,2,2,1666,1866,1766,1616,0,1716,2,3.0,500.0,1,0,0,1,0,2,3,0,233.0,1,0,1,1,2,1,1,3,1,0,433000.0,103.0
434,0.3,7400,0,4,12,0,336,5,42,35,0,263,2,0,1984,2,0,1668,1868,1768,1618,0,1718,3,2.5,500.0,2,0,1,1,0,2,3,1,234.0,2,0,3,1,2,2,1,2,1,0,434000.0,104.0
435,0.35,7500,1,5,8,0,337,6,43,36,0,264,0,0,1985,2,0,1670,1870,1770,1620,0,1720,4,3.0,500.0,2,1,0,1,0,2,3,1,235.0,3,0,1,1,2,3,1,3,1,0,435000.0,105.0
436,0.4,7600,0,6,9,0,338,7,44,37,0,265,2,0,1986,2,2,1672,1872,1772,1622,0,1722,2,2.5,0.0,1,0,1,1,0,2,3,0,236.0,1,0,3,1,2,1,1,2,1,0,436000.0,106.0
437,0.45,7700,1,7,10,0,339,8,45,38,0,266,0,0,1987,2,0,1674,1874,1774,1624,0,1724,3,3.0,500.0,2,0,0,1,0,2,3,1,237.0,2,0,1,1,2,2,1,3,1,0,437000.0,107.0
438,0.5,7800,0,8,11,0,340,9,46,39,0,267,2,0,1988,2,0,1676,1876,1776,1626,0,1726,4,2.5,500.0,2,0,1,1,0,2,3,1,238.0,3,0,3,1,2,3,1,2,1,0,438000.0,108.0
439,0.55,7900,1,9,12,0,341,10,47,40,0,268,0,0,1989,2,2,1678,1878,1778,1628,0,1728,2,3.0,500.0,1,0,0,1,0,2,3,0,239.0,1,0,1,1,2,1,1,3,1,0,439000.0,109.0
440,0.1,8000,0,0,8,0,342,1,49,42,0,270,2,0,1990,1,0,1680,1880,1780,1630,0,1730,3,2.5,0.0,2,1,1,1,0,2,3,1,240.0,2,0,3,1,2,2,1,2,1,0,440000.0,110.0
441,0.15,8100,1,1,9,0,343,2,50,43,0,271,0,0,1991,2,0,1682,1882,1782,1632,0,1732,4,3.0,500.0,2,0,0,1,0,2,3,1,241.0,3,0,1,1,2,3,1,3,1,0,441000.0,111.0
442,0.2,8200,0,2,10,0,344,3,51,44,0,272,2,0,1992,2,2,1684,1884,1784,1634,0,1734,2,2.5,500.0,1,0,1,1,0,2,3,0,242.0,1,0,3,1,2,1,1,2,1,0,442000.0,112.0
443,0.25,8300,1,3,11,0,345,4,52,45,0,273,0,0,1993,2,0,1686,1886,1786,1636,0,1736,3,3.0,500.0,2,0,0,1,0,2,3,1,243.0,2,0,1,1,2,2,1,3,1,0,443000.0,113.0
444,0.3,8400,0,4,12,0,346,5,53,46,0,274,2,0,1994,2,0,1688,1888,1788,1638,0,1738,4,2.5,0.0,2,0,1,1,0,2,3,1,244.0,3,0,3,1,2,3,1,2,1,0,444000.0,114.0
445,0.35,8500,1,5,8,0,347,6,54,47,0,275,0,0,1995,2,2,1690,1890,1790,1640,0,1740,2,3.0,500.0,1,1,0,1,0,2,3,0,245.0,1,0,1,1,2,1,1,3,1,0,445000.0,115.0
446,0.4,8600,0,6,9,0,348,7,55,48,0,276,2,0,1996,2,0,1692,1892,1792,1642,0,1742,3,2.5,500.0,2,0,1,1,0,2,3,1,246.0,2,0,3,1,2,2,1,2,1,0,446000.0,116.0
447,0.45,8700,1,7,10,0,349,8,56,49,0,277,0,0,1997,2,0,1694,1894,1794,1644,0,1744,4,3.0,500.0,2,0,0,1,0,2,3,1,247.0,3,0,1,1,2,3,1,3,1,0,447000.0,117.0
448,0.5,8800,0,8,11,0,350,9,57,50,0,278,2,0,1998,2,2,1696,1896,1796,1646,0,1746,2,2.5,0.0,1,0,1,1,0,2,3,0,248.0,1,0,3,1,2,1,1,2,1,0,448000.0,118.0
449,0.55,8900,1,9,12,0,351,10,58,51,0,279,0,0,1999,2,0,1698,1898,1798,1648,0,1748,3,3.0,500.0,2,0,0,1,0,2,3,1,249.0,2,0,1,1,2,2,1,3,1,0,449000.0,119.0
450,0.1,4000,0,0,8,0,352,1,60,7,0,281,2,0,2000,1,0,1700,1900,1800,1650,0,1750,4,2.5,500.0,2,1,1,1,0,2,3,1,250.0,3,0,3,1,2,3,1,2,1,0,450000.0,120.0
451,0.15,4100,1,1,9,0,353,2,61,8,0,282,0,0,2001,2,2,1702,1902,1802,1652,0,1752,2,3.0,500.0,1,0,0,1,0,2,3,0,251.0,1,0,1,1,2,1,1,3,1,0,451000.0,121.0
452,0.2,4200,0,2,10,0,354,3,62,19,0,283,2,0,2002,2,0,1704,1904,1804,1654,0,1754,3,2.5,0.0,2,0,1,1,0,2,3,1,252.0,2,0,3,1,2,2,1,2,1,0,452000.0,122.0
453,0.25,4300,1,3,11,0,355,4,63,30,0,284,0,0,2003,2,0,1706,1906,1806,1656,0,1756,4,3.0,500.0,2,0,0,1,0,2,3,1,253.0,3,0,1,1,2,3,1,3,1,0,453000.0,123.0
454,0.3,4400,0,4,12,0,356,5,64,41,0,285,2,0,2004,2,2,1708,1908,1808,1658,0,1758,2,2.5,500.0,1,0,1,1,0,2,3,0,254.0,1,0,3,1,2,1,1,2,1,0,454000.0,124.0
455,0.35,4500,1,5,8,0,357,6,65,52,0,286,0,0,2005,2,0,1710,1910,1810,1660,0,1760,3,3.0,500.0,2,1,0,1,0,2,3,1,255.0,2,0,1,1,2,2,1,3,1,0,455000.0,125.0
456,0.4,4600,0,6,9,0,358,7,66,53,0,287,2,0,2006,2,0,1712,1912,1812,1662,0,1762,4,2.5,0.0,2,0,1,1,0,2,3,1,256.0,3,0,3,1,2,3,1,2,1,0,456000.0,126.0
457,0.45,4700,1,7,10,0,359,8,67,54,0,288,0,0,2007,2,2,1714,1914,1814,1664,0,1764,2,3.0,500.0,1,0,0,1,0,2,3,0,257.0,1,0,1,1,2,1,1,3,1,0,457000.0,127.0
458,0.5,4800,0,8,11,0,360,9,68,55,0,289,2,0,2008,2,0,1716,1916,1816,1666,0,1766,3,2.5,500.0,2,0,1,1,0,2,3,1,258.0,2,0,3,1,2,2,1,2,1,0,458000.0,128.0
459,0.55,4900,1,9,12,0,361,10,69,56,0,290,0,0,2009,2,0,1718,1918,1818,1668,0,1768,4,3.0,500.0,2,0,0,1,0,2,3,1,259.0,3,0,1,1,2,3,1,3,1,0,459000.0,129.0
460,0.1,5000,0,0,8,0,362,1,71,9,0,292,2,0,2010,1,2,1720,1920,1820,1670,0,1770,2,2.5,0.0,1,1,1,1,0,2,3,0,260.0,1,0,3,1,2,1,1,2,1,0,460000.0,100.0
461,0.15,5100,1,1,9,0,363,2,72,10,0,293,0,0,2011,2,0,1722,1922,1822,1672,0,1772,3,3.0,500.0,2,0,0,1,0,2,3,1,261.0,2,0,1,1,2,2,1,3,1,0,461000.0,101.0
462,0.2,5200,0,2,10,0,364,3,73,11,0,294,2,0,2012,2,0,1724,1924,1824,1674,0,1774,4,2.5,500.0,2,0,1,1,0,2,3,1,262.0,3,0,3,1,2,3,1,2,1,0,462000.0,102.0
463,0.25,5300,1,3,11,0,365,4,74,12,0,295,0,0,2013,2,2,1726,1926,1826,1676,0,1776,2,3.0,500.0,1,0,0,1,0,2,3,0,263.0,1,0,1,1,2,1,1,3,1,0,463000.0,103.0
464,0.3,5400,0,4,12,0,366,5,75,13,0,296,2,0,2014,2,0,1728,1928,1828,1678,0,1778,3,2.5,0.0,2,0,1,1,0,2,3,1,264.0,2,0,3,1,2,2,1,2,1,0,464000.0,104.0
465,0.35,5500,1,5,8,0,367,6,76,14,0,297,0,0,2015,2,0,1730,1930,1830,1680,0,1780,4,3.0,500.0,2,1,0,1,0,2,3,1,265.0,3,0,1,1,2,3,1,3,1,0,465000.0,105.0
466,0.4,5600,0,6,9,0,368,7,77,15,0,298,2,0,2016,2,2,1732,1932,1832,1682,0,1782,2,2.5,500.0,1,0,1,1,0,2,3,0,266.0,1,0,3,1,2,1,1,2,1,0,466000.0,106.0
467,0.45,5700,1,7,10,0,369,8,78,16,0,299,0,0,2017,2,0,1734,1934,1834,1684,0,1784,3,3.0,500.0,2,0,0,1,0,2,3,1,267.0,2,0,1,1,2,2,1,3,1,0,467000.0,107.0
468,0.5,5800,0,8,11,0,370,9,79,17,0,300,2,0,2018,2,0,1736,1936,1836,1686,0,1786,4,2.5,0.0,2,0,1,1,0,2,3,1,268.0,3,0,3,1,2,3,1,2,1,0,468000.0,108.0
469,0.55,5900,1,9,12,0,371,10,80,18,0,301,0,0,2019,2,2,1738,1938,1838,1688,0,1788,2,3.0,500.0,1,0,0,1,0,2,3,0,269.0,1,0,1,1,2,1,1,3,1,0,469000.0,109.0
470,0.1,6000,0,0,8,0,372,1,82,20,0,303,2,0,2020,1,0,1740,1940,1840,1690,0,1790,3,2.5,500.0,2,1,1,1,0,2,3,1,270.0,2,0,3,1,2,2,1,2,1,0,470000.0,110.0
471,0.15,6100,1,1,9,0,373,2,83,21,0,304,0,0,2021,2,0,1742,1942,1842,1692,0,1792,4,3.0,500.0,2,0,0,1,0,2,3,1,271.0,3,0,1,1,2,3,1,3,1,0,471000.0,111.0
472,0.2,6200,0,2,10,0,374,3,84,22,0,305,2,0,2022,2,2,1744,1944,1844,1694,0,1794,2,2.5,0.0,1,0,1,1,0,2,3,0,272.0,1,0,3,1,2,1,1,2,1,0,472000.0,112.0
473,0.25,6300,1,3,11,0,375,4,85,23,0,306,0,0,2023,2,0,1746,1946,1846,1696,0,1796,3,3.0,500.0,2,0,0,1,0,2,3,1,273.0,2,0,1,1,2,2,1,3,1,0,473000.0,113.0
474,0.3,6400,0,4,12,0,376,5,86,24,0,307,2,0,2024,2,0,1748,1948,1848,1698,0,1798,4,2.5,500.0,2,0,1,1,0,2,3,1,274.0,3,0,3,1,2,3,1,2,1,0,474000.0,114.0
475,0.35,6500,1,5,8,0,377,6,87,25,0,308,0,0,1950,2,2,1750,1950,1850,1700,0,1800,2,3.0,500.0,1,1,0,1,0,2,3,0,275.0,1,0,1,1,2,1,1,3,1,0,475000.0,115.0
476,0.4,6600,0,6,9,0,378,7,88,26,0,309,2,0,1951,2,0,1752,1952,1852,1702,0,1802,3,2.5,0.0,2,0,1,1,0,2,3,1,276.0,2,0,3,1,2,2,1,2,1,0,476000.0,116.0
477,0.45,6700,1,7,10,0,379,8,89,27,0,310,0,0,1952,2,0,1754,1954,1854,1704,0,1804,4,3.0,500.0,2,0,0,1,0,2,3,1,277.0,3,0,1,1,2,3,1,3,1,0,477000.0,117.0
478,0.5,6800,0,8,11,0,380,9,90,28,0,311,2,0,1953,2,2,1756,1956,1856,1706,0,1806,2,2.5,500.0,1,0,1,1,0,2,3,0,278.0,1,0,3,1,2,1,1,2,1,0,478000.0,118.0
479,0.55,6900,1,9,12,0,381,10,91,29,0,312,0,0,1954,2,0,1758,1958,1858,1708,0,1808,3,3.0,500.0,2,0,0,1,0,2,3,1,279.0,2,0,1,1,2,2,1,3,1,0,479000.0,119.0
480,0.1,7000,0,0,8,0,382,1,93,31,0,314,2,0,1955,1,0,1760,1960,1860,1710,0,1810,4,2.5,0.0,2,1,1,1,0,2,3,1,280.0,3,0,3,1,2,3,1,2,1,0,480000.0,120.0
481,0.15,7100,1,1,9,0,383,2,94,32,0,315,0,0,1956,2,2,1762,1962,1862,1712,0,1812,2,3.0,500.0,1,0,0,1,0,2,3,0,281.0,1,0,1,1,2,1,1,3,1,0,481000.0,121.0
482,0.2,7200,0,2,10,0,384,3,95,33,0,316,2,0,1957,2,0,1764,1964,1864,1714,0,1814,3,2.5,500.0,2,0,1,1,0,2,3,1,282.0,2,0,3,1,2,2,1,2,1,0,482000.0,122.0
483,0.25,7300,1,3,11,0,385,4,96,34,0,317,0,0,1958,2,0,1766,1966,1866,1716,0,1816,4,3.0,500.0,2,0,0,1,0,2,3,1,283.0,3,0,1,1,2,3,1,3,1,0,483000.0,123.0
484,0.3,7400,0,4,12,0,386,5,97,35,0,318,2,0,1959,2,2,1768,1968,1868,1718,0,1818,2,2.5,0.0,1,0,1,1,0,2,3,0,284.0,1,0,3,1,2,1,1,2,1,0,484000.0,124.0
485,0.35,7500,1,5,8,0,387,6,98,36,0,319,0,0,1960,2,0,1770,1970,1870,1720,0,1820,3,3.0,500.0,2,1,0,1,0,2,3,1,285.0,2,0,1,1,2,2,1,3,1,0,485000.0,125.0
486,0.4,7600,0,6,9,0,388,7,99,37,0,320,2,0,1961,2,0,1772,1972,1872,1722,0,1822,4,2.5,500.0,2,0,1,1,0,2,3,1,286.0,3,0,3,1,2,3,1,2,1,0,486000.0,126.0
487,0.45,7700,1,7,10,0,389,8,100,38,0,321,0,0,1962,2,2,1774,1974,1874,1724,0,1824,2,3.0,500.0,1,0,0,1,0,2,3,0,287.0,1,0,1,1,2,1,1,3,1,0,487000.0,127.0
488,0.5,7800,0,8,11,0,390,9,101,39,0,322,2,0,1963,2,0,1776,1976,1876,1726,0,1826,3,2.5,0.0,2,0,1,1,0,2,3,1,288.0,2,0,3,1,2,2,1,2,1,0,488000.0,128.0
489,0.55,7900,1,9,12,0,391,10,102,40,0,323,0,0,1964,2,0,1778,1978,1878,1728,0,1828,4,3.0,500.0,2,0,0,1,0,2,3,1,289.0,3,0,1,1,2,3,1,3,1,0,489000.0,129.0
490,0.1,8000,0,0,8,0,392,1,104,42,0,325,2,0,1965,1,2,1780,1980,1880,1730,0,1830,2,2.5,500.0,1,1,1,1,0,2,3,0,290.0,1,0,3,1,2,1,1,2,1,0,490000.0,100.0
491,0.15,8100,1,1,9,0,393,2,105,43,0,326,0,0,1966,2,0,1782,1982,1882,1732,0,1832,3,3.0,500.0,2,0,0,1,0,2,3,1,291.0,2,0,1,1,2,2,1,3,1,0,491000.0,101.0
492,0.2,8200,0,2,10,0,394,3,106,44,0,327,2,0,1967,2,0,1784,1984,1884,1734,0,1834,4,2.5,0.0,2,0,1,1,0,2,3,1,292.0,3,0,3,1,2,3,1,2,1,0,492000.0,102.0
493,0.25,8300,1,3,11,0,395,4,107,45,0,328,0,0,1968,2,2,1786,1986,1886,1736,0,1836,2,3.0,500.0,1,0,0,1,0,2,3,0,293.0,1,0,1,1,2,1,1,3,1,0,493000.0,103.0
494,0.3,8400,0,4,12,0,396,5,108,46,0,329,2,0,1969,2,0,1788,1988,1888,1738,0,1838,3,2.5,500.0,2,0,1,1,0,2,3,1,294.0,2,0,3,1,2,2,1,2,1,0,494000.0,104.0
495,0.35,8500,1,5,8,0,397,6,109,47,0,330,0,0,1970,2,0,1790,1990,1890,1740,0,1840,4,3.0,500.0,2,1,0,1,0,2,3,1,295.0,3,0,1,1,2,3,1,3,1,0,495000.0,105.0
496,0.4,8600,0,6,9,0,398,7,110,48,0,331,2,0,1971,2,2,1792,1992,1892,1742,0,1842,2,2.5,0.0,1,0,1,1,0,2,3,0,296.0,1,0,3,1,2,1,1,2,1,0,496000.0,106.0
497,0.45,8700,1,7,10,0,399,8,111,49,0,332,0,0,1972,2,0,1794,1994,1894,1744,0,1844,3,3.0,500.0,2,0,0,1,0,2,3,1,297.0,2,0,1,1,2,2,1,3,1,0,497000.0,107.0
498,0.5,8800,0,8,11,0,400,9,112,50,0,333,2,0,1973,2,0,1796,1996,1896,1746,0,1846,4,2.5,500.0,2,0,1,1,0,2,3,1,298.0,3,0,3,1,2,3,1,2,1,0,498000.0,108.0
499,0.55,8900,1,9,12,0,401,10,113,51,0,334,0,0,1974,2,2,1798,1998,1898,1748,0,1848,2,3.0,500.0,1,0,0,1,0,2,3,0,299.0,1,0,1,1,2,1,1,3,1,0,499000.0,109.0
500,0.1,4000,0,0,8,0,402,1,14,7,0,337,2,0,1975,1,0,1800,2000,1900,1750,0,1850,3,2.5,0.0,2,1,1,1,0,2,3,1,200.0,2,0,3,1,2,2,1,2,1,0,500000.0,110.0
501,0.15,4100,1,1,9,0,403,2,15,8,0,338,0,0,1976,2,0,1802,2002,1902,1752,0,1852,4,3.0,500.0,2,0,0,1,0,2,3,1,201.0,3,0,1,1,2,3,1,3,1,0,501000.0,111.0
502,0.2,4200,0,2,10,0,404,3,26,19,0,339,2,0,1977,2,2,1804,2004,1904,1754,0,1854,2,2.5,500.0,1,0,1,1,0,2,3,0,202.0,1,0,3,1,2,1,1,2,1,0,502000.0,112.0
503,0.25,4300,1,3,11,0,405,4,37,30,0,340,0,0,1978,2,0,1806,2006,1906,1756,0,1856,3,3.0,500.0,2,0,0,1,0,2,3,1,203.0,2,0,1,1,2,2,1,3,1,0,503000.0,113.0
504,0.3,4400,0,4,12,0,406,5,48,41,0,341,2,0,1979,2,0,1808,2008,1908,1758,0,1858,4,2.5,0.0,2,0,1,1,0,2,3,1,204.0,3,0,3,1,2,3,1,2,1,0,504000.0,114.0
505,0.35,4500,1,5,8,0,407,6,59,52,0,342,0,0,1980,2,2,1810,2010,1910,1760,0,1860,2,3.0,500.0,1,1,0,1,0,2,3,0,205.0,1,0,1,1,2,1,1,3,1,0,505000.0,115.0
506,0.4,4600,0,6,9,0,408,7,70,53,0,343,2,0,1981,2,0,1812,2012,1912,1762,0,1862,3,2.5,500.0,2,0,1,1,0,2,3,1,206.0,2,0,3,1,2,2,1,2,1,0,506000.0,116.0
507,0.45,4700,1,7,10,0,409,8,81,54,0,344,0,0,1982,2,0,1814,2014,1914,1764,0,1864,4,3.0,500.0,2,0,0,1,0,2,3,1,207.0,3,0,1,1,2,3,1,3,1,0,507000.0,117.0
508,0.5,4800,0,8,11,0,410,9,92,55,0,345,2,0,1983,2,2,1816,2016,1916,1766,0,1866,2,2.5,0.0,1,0,1,1,0,2,3,0,208.0,1,0,3,1,2,1,1,2,1,0,508000.0,118.0
509,0.55,4900,1,9,12,0,411,10,103,56,0,346,0,0,1984,2,0,1818,2018,1918,1768,0,1868,3,3.0,500.0,2,0,0,1,0,2,3,1,209.0,2,0,1,1,2,2,1,3,1,0,509000.0,119.0
510,0.1,5000,0,0,8,0,412,1,16,9,0,348,2,0,1985,1,0,1820,2020,1920,1770,0,1870,4,2.5,500.0,2,1,1,1,0,2,3,1,210.0,3,0,3,1,2,3,1,2,1,0,510000.0,120.0
511,0.15,5100,1,1,9,0,413,2,17,10,0,349,0,0,1986,2,2,1822,2022,1922,1772,0,1872,2,3.0,500.0,1,0,0,1,0,2,3,0,211.0,1,0,1,1,2,1,1,3,1,0,511000.0,121.0
512,0.2,5200,0,2,10,0,414,3,18,11,0,350,2,0,1987,2,0,1824,2024,1924,1774,0,1874,3,2.5,0.0,2,0,1,1,0,2,3,1,212.0,2,0,3,1,2,2,1,2,1,0,512000.0,122.0
513,0.25,5300,1,3,11,0,415,4,19,12,0,351,0,0,1988,2,0,1826,2026,1926,1776,0,1876,4,3.0,500.0,2,0,0,1,0,2,3,1,213.0,3,0,1,1,2,3,1,3,1,0,513000.0,123.0
514,0.3,5400,0,4,12,0,416,5,20,13,0,352,2,0,1989,2,2,1828,2028,1928,1778,0,1878,2,2.5,500.0,1,0,1,1,0,2,3,0,214.0,1,0,3,1,2,1,1,2,1,0,514000.0,124.0
515,0.35,5500,1,5,8,0,417,6,21,14,0,353,0,0,1990,2,0,1830,2030,1930,1780,0,1880,3,3.0,500.0,2,1,0,1,0,2,3,1,215.0,2,0,1,1,2,2,1,3,1,0,515000.0,125.0
516,0.4,5600,0,6,9,0,418,7,22,15,0,354,2,0,1991,2,0,1832,2032,1932,1782,0,1882,4,2.5,0.0,2,0,1,1,0,2,3,1,216.0,3,0,3,1,2,3,1,2,1,0,516000.0,126.0
517,0.45,5700,1,7,10,0,419,8,23,16,0,355,0,0,1992,2,2,1834,2034,1934,1784,0,1884,2,3.0,500.0,1,0,0,1,0,2,3,0,217.0,1,0,1,1,2,1,1,3,1,0,517000.0,127.0
518,0.5,5800,0,8,11,0,420,9,24,17,0,356,2,0,1993,2,0,1836,2036,1936,1786,0,1886,3,2.5,500.0,2,0,1,1,0,2,3,1,218.0,2,0,3,1,2,2,1,2,1,0,518000.0,128.0
519,0.55,5900,1,9,12,0,421,10,25,18,0,357,0,0,1994,2,0,1838,2038,1938,1788,0,1888,4,3.0,500.0,2,0,0,1,0,2,3,1,219.0,3,0,1,1,2,3,1,3,1,0,519000.0,129.0
520,0.1,6000,0,0,8,0,422,1,27,20,0,359,2,0,1995,1,2,1840,2040,1940,1790,0,1890,2,2.5,0.0,1,1,1,1,0,2,3,0,220.0,1,0,3,1,2,1,1,2,1,0,520000.0,100.0
521,0.15,6100,1,1,9,0,423,2,28,21,0,360,0,0,1996,2,0,1842,2042,1942,1792,0,1892,3,3.0,500.0,2,0,0,1,0,2,3,1,221.0,2,0,1,1,2,2,1,3,1,0,521000.0,101.0
522,0.2,6200,0,2,10,0,424,3,29,22,0,361,2,0,1997,2,0,1844,2044,1944,1794,0,1894,4,2.5,500.0,2,0,1,1,0,2,3,1,222.0,3,0,3,1,2,3,1,2,1,0,522000.0,102.0
523,0.25,6300,1,3,11,0,425,4,30,23,0,362,0,0,1998,2,2,1846,2046,1946,1796,0,1896,2,3.0,500.0,1,0,0,1,0,2,3,0,223.0,1,0,1,1,2,1,1,3,1,0,523000.0,103.0
524,0.3,6400,0,4,12,0,426,5,31,24,0,363,2,0,1999,2,0,1848,2048,1948,1798,0,1898,3,2.5,0.0,2,0,1,1,0,2,3,1,224.0,2,0,3,1,2,2,1,2,1,0,524000.0,104.0
525,0.35,6500,1,5,8,0,427,6,32,25,0,364,0,0,2000,2,0,1850,2050,1950,1800,0,1900,4,3.0,500.0,2,1,0,1,0,2,3,1,225.0,3,0,1,1,2,3,1,3,1,0,525000.0,105.0
526,0.4,6600,0,6,9,0,428,7,33,26,0,365,2,0,2001,2,2,1852,2052,1952,1802,0,1902,2,2.5,500.0,1,0,1,1,0,2,3,0,226.0,1,0,3,1,2,1,1,2,1,0,526000.0,106.0
527,0.45,6700,1,7,10,0,429,8,34,27,0,366,0,0,2002,2,0,1854,2054,1954,1804,0,1904,3,3.0,500.0,2,0,0,1,0,2,3,1,227.0,2,0,1,1,2,2,1,3,1,0,527000.0,107.0
528,0.5,6800,0,8,11,0,431,9,35,28,0,367,2,0,2003,2,0,1856,2056,1956,1806,0,1906,4,2.5,0.0,2,0,1,1,0,2,3,1,228.0,3,0,3,1,2,3,1,2,1,0,528000.0,108.0
529,0.55,6900,1,9,12,0,432,10,36,29,0,368,0,0,2004,2,2,1858,2058,1958,1808,0,1908,2,3.0,500.0,1,0,0,1,0,2,3,0,229.0,1,0,1,1,2,1,1,3,1,0,529000.0,109.0
530,0.1,7000,0,0,8,0,433,1,38,31,0,370,2,0,2005,1,0,1860,2060,1960,1810,0,1910,3,2.5,500.0,2,1,1,1,0,2,3,1,230.0,2,0,3,1,2,2,1,2,1,0,530000.0,110.0
531,0.15,7100,1,1,9,0,434,2,39,32,0,371,0,0,2006,2,0,1862,2062,1962,1812,0,1912,4,3.0,500.0,2,0,0,1,0,2,3,1,231.0,3,0,1,1,2,3,1,3,1,0,531000.0,111.0
532,0.2,7200,0,2,10,0,435,3,40,33,0,372,2,0,2007,2,2,1864,2064,1964,1814,0,1914,2,2.5,0.0,1,0,1,1,0,2,3,0,232.0,1,0,3,1,2,1,1,2,1,0,532000.0,112.0
533,0.25,7300,1,3,11,0,436,4,41,34,0,373,0,0,2008,2,0,1866,2066,1966,1816,0,1916,3,3.0,500.0,2,0,0,1,0,2,3,1,233.0,2,0,1,1,2,2,1,3,1,0,533000.0,113.0
534,0.3,7400,0,4,12,0,437,5,42,35,0,374,2,0,2009,2,0,1868,2068,1968,1818,0,1918,4,2.5,500.0,2,0,1,1,0,2,3,1,234.0,3,0,3,1,2,3,1,2,1,0,534000.0,114.0
535,0.35,7500,1,5,8,0,438,6,43,36,0,375,0,0,2010,2,2,1870,2070,1970,1820,0,1920,2,3.0,500.0,1,1,0,1,0,2,3,0,235.0,1,0,1,1,2,1,1,3,1,0,535000.0,115.0
536,0.4,7600,0,6,9,0,439,7,44,37,0,376,2,0,2011,2,0,1872,2072,1972,1822,0,1922,3,2.5,0.0,2,0,1,1,0,2,3,1,236.0,2,0,3,1,2,2,1,2,1,0,536000.0,116.0
537,0.45,7700,1,7,10,0,440,8,45,38,0,377,0,0,2012,2,0,1874,2074,1974,1824,0,1924,4,3.0,500.0,2,0,0,1,0,2,3,1,237.0,3,0,1,1,2,3,1,3,1,0,537000.0,117.0
538,0.5,7800,0,8,11,0,441,9,46,39,0,378,2,0,2013,2,2,1876,2076,1976,1826,0,1926,2,2.5,500.0,1,0,1,1,0,2,3,0,238.0,1,0,3,1,2,1,1,2,1,0,538000.0,118.0
539,0.55,7900,1,9,12,0,442,10,47,40,0,379,0,0,2014,2,0,1878,2078,1978,1828,0,1928,3,3.0,500.0,2,0,0,1,0,2,3,1,239.0,2,0,1,1,2,2,1,3,1,0,539000.0,119.0
540,0.1,8000,0,0,8,0,443,1,49,42,0,381,2,0,2015,1,0,1880,2080,1980,1830,0,1930,4,2.5,0.0,2,1,1,1,0,2,3,1,240.0,3,0,3,1,2,3,1,2,1,0,540000.0,120.0
541,0.15,8100,1,1,9,0,444,2,50,43,0,382,0,0,2016,2,2,1882,2082,1982,1832,0,1932,2,3.0,500.0,1,0,0,1,0,2,3,0,241.0,1,0,1,1,2,1,1,3,1,0,541000.0,121.0
542,0.2,8200,0,2,10,0,445,3,51,44,0,383,2,0,2017,2,0,1884,2084,1984,1834,0,1934,3,2.5,500.0,2,0,1,1,0,2,3,1,242.0,2,0,3,1,2,2,1,2,1,0,542000.0,122.0
543,0.25,8300,1,3,11,0,446,4,52,45,0,384,0,0,2018,2,0,1886,2086,1986,1836,0,1936,4,3.0,500.0,2,0,0,1,0,2,3,1,243.0,3,0,1,1,2,3,1,3,1,0,543000.0,123.0
544,0.3,8400,0,4,12,0,447,5,53,46,0,385,2,0,2019,2,2,1888,2088,1988,1838,0,1938,2,2.5,0.0,1,0,1,1,0,2,3,0,244.0,1,0,3,1,2,1,1,2,1,0,544000.0,124.0
545,0.35,8500,1,5,8,0,448,6,54,47,0,386,0,0,2020,2,0,1890,2090,1990,1840,0,1940,3,3.0,500.0,2,1,0,1,0,2,3,1,245.0,2,0,1,1,2,2,1,3,1,0,545000.0,125.0
546,0.4,8600,0,6,9,0,449,7,55,48,0,387,2,0,2021,2,0,1892,2092,1992,1842,0,1942,4,2.5,500.0,2,0,1,1,0,2,3,1,246.0,3,0,3,1,2,3,1,2,1,0,546000.0,126.0
547,0.45,8700,1,7,10,0,450,8,56,49,0,388,0,0,2022,2,2,1894,2094,1994,1844,0,1944,2,3.0,500.0,1,0,0,1,0,2,3,0,247.0,1,0,1,1,2,1,1,3,1,0,547000.0,127.0
548,0.5,8800,0,8,11,0,451,9,57,50,0,389,2,0,2023,2,0,1896,2096,1996,1846,0,1946,3,2.5,0.0,2,0,1,1,0,2,3,1,248.0,2,0,3,1,2,2,1,2,1,0,548000.0,128.0
549,0.55,8900,1,9,12,0,452,10,58,51,0,390,0,0,2024,2,0,1898,2098,1998,1848,0,1948,4,3.0,500.0,2,0,0,1,0,2,3,1,249.0,3,0,1,1,2,3,1,3,1,0,549000.0,129.0
550,0.1,4000,0,0,8,0,453,1,60,7,0,392,2,0,1950,1,2,1900,2100,2000,1850,0,1950,2,2.5,500.0,1,1,1,1,0,2,3,0,250.0,1,0,3,1,2,1,1,2,1,0,550000.0,100.0
551,0.15,4100,1,1,9,0,454,2,61,8,0,393,0,0,1951,2,0,1902,2102,2002,1852,0,1952,3,3.0,500.0,2,0,0,1,0,2,3,1,251.0,2,0,1,1,2,2,1,3,1,0,551000.0,101.0
552,0.2,4200,0,2,10,0,455,3,62,19,0,394,2,0,1952,2,0,1904,2104,2004,1854,0,1954,4,2.5,0.0,2,0,1,1,0,2,3,1,252.0,3,0,3,1,2,3,1,2,1,0,552000.0,102.0
553,0.25,4300,1,3,11,0,456,4,63,30,0,395,0,0,1953,2,2,1906,2106,2006,1856,0,1956,2,3.0,500.0,1,0,0,1,0,2,3,0,253.0,1,0,1,1,2,1,1,3,1,0,553000.0,103.0
554,0.3,4400,0,4,12,0,457,5,64,41,0,396,2,0,1954,2,0,1908,2108,2008,1858,0,1958,3,2.5,500.0,2,0,1,1,0,2,3,1,254.0,2,0,3,1,2,2,1,2,1,0,554000.0,104.0
555,0.35,4500,1,5,8,0,458,6,65,52,0,397,0,0,1955,2,0,1910,2110,2010,1860,0,1960,4,3.0,500.0,2,1,0,1,0,2,3,1,255.0,3,0,1,1,2,3,1,3,1,0,555000.0,105.0
556,0.4,4600,0,6,9,0,459,7,66,53,0,398,2,0,1956,2,2,1912,2112,2012,1862,0,1962,2,2.5,0.0,1,0,1,1,0,2,3,0,256.0,1,0,3,1,2,1,1,2,1,0,556000.0,106.0
557,0.45,4700,1,7,10,0,460,8,67,54,0,399,0,0,1957,2,0,1914,2114,2014,1864,0,1964,3,3.0,500.0,2,0,0,1,0,2,3,1,257.0,2,0,1,1,2,2,1,3,1,0,557000.0,107.0
558,0.5,4800,0,8,11,0,461,9,68,55,0,400,2,0,1958,2,0,1916,2116,2016,1866,0,1966,4,2.5,500.0,2,0,1,1,0,2,3,1,258.0,3,0,3,1,2,3,1,2,1,0,558000.0,108.0
559,0.55,4900,1,9,12,0,462,10,69,56,0,401,0,0,1959,2,2,1918,2118,2018,1868,0,1968,2,3.0,500.0,1,0,0,1,0,2,3,0,259.0,1,0,1,1,2,1,1,3,1,0,559000.0,109.0
560,0.1,5000,0,0,8,0,463,1,71,9,0,403,2,0,1960,1,0,1920,2120,2020,1870,0,1970,3,2.5,0.0,2,1,1,1,0,2,3,1,260.0,2,0,3,1,2,2,1,2,1,0,560000.0,110.0
561,0.15,5100,1,1,9,0,464,2,72,10,0,404,0,0,1961,2,0,1922,2122,2022,1872,0,1972,4,3.0,500.0,2,0,0,1,0,2,3,1,261.0,3,0,1,1,2,3,1,3,1,0,561000.0,111.0
562,0.2,5200,0,2,10,0,465,3,73,11,0,405,2,0,1962,2,2,1924,2124,2024,1874,0,1974,2,2.5,500.0,1,0,1,1,0,2,3,0,262.0,1,0,3,1,2,1,1,2,1,0,562000.0,112.0
563,0.25,5300,1,3,11,0,466,4,74,12,0,406,0,0,1963,2,0,1926,2126,2026,1876,0,1976,3,3.0,500.0,2,0,0,1,0,2,3,1,263.0,2,0,1,1,2,2,1,3,1,0,563000.0,113.0
564,0.3,5400,0,4,12,0,467,5,75,13,0,407,2,0,1964,2,0,1928,2128,2028,1878,0,1978,4,2.5,0.0,2,0,1,1,0,2,3,1,264.0,3,0,3,1,2,3,1,2,1,0,564000.0,114.0
565,0.35,5500,1,5,8,0,468,6,76,14,0,408,0,0,1965,2,2,1930,2130,2030,1880,0,1980,2,3.0,500.0,1,1,0,1,0,2,3,0,265.0,1,0,1,1,2,1,1,3,1,0,565000.0,115.0
566,0.4,5600,0,6,9,0,469,7,77,15,0,409,2,0,1966,2,0,1932,2132,2032,1882,0,1982,3,2.5,500.0,2,0,1,1,0,2,3,1,266.0,2,0,3,1,2,2,1,2,1,0,566000.0,116.0
567,0.45,5700,1,7,10,0,470,8,78,16,0,410,0,0,1967,2,0,1934,2134,2034,1884,0,1984,4,3.0,500.0,2,0,0,1,0,2,3,1,267.0,3,0,1,1,2,3,1,3,1,0,567000.0,117.0
568,0.5,5800,0,8,11,0,471,9,79,17,0,411,2,0,1968,2,2,1936,2136,2036,1886,0,1986,2,2.5,0.0,1,0,1,1,0,2,3,0,268.0,1,0,3,1,2,1,1,2,1,0,568000.0,118.0
569,0.55,5900,1,9,12,0,472,10,80,18,0,412,0,0,1969,2,0,1938,2138,2038,1888,0,1988,3,3.0,500.0,2,0,0,1,0,2,3,1,269.0,2,0,1,1,2,2,1,3,1,0,569000.0,119.0
570,0.1,6000,0,0,8,0,473,1,82,20,0,414,2,0,1970,1,0,1940,2140,2040,1890,0,1990,4,2.5,500.0,2,1,1,1,0,2,3,1,270.0,3,0,3,1,2,3,1,2,1,0,570000.0,120.0
571,0.15,6100,1,1,9,0,474,2,83,21,0,415,0,0,1971,2,2,1942,2142,2042,1892,0,1992,2,3.0,500.0,1,0,0,1,0,2,3,0,271.0,1,0,1,1,2,1,1,3,1,0,571000.0,121.0
572,0.2,6200,0,2,10,0,475,3,84,22,0,416,2,0,1972,2,0,1944,2144,2044,1894,0,1994,3,2.5,0.0,2,0,1,1,0,2,3,1,272.0,2,0,3,1,2,2,1,2,1,0,572000.0,122.0
573,0.25,6300,1,3,11,0,476,4,85,23,0,417,0,0,1973,2,0,1946,2146,2046,1896,0,1996,4,3.0,500.0,2,0,0,1,0,2,3,1,273.0,3,0,1,1,2,3,1,3,1,0,573000.0,123.0
574,0.3,6400,0,4,12,0,477,5,86,24,0,418,2,0,1974,2,2,1948,2148,2048,1898,0,1998,2,2.5,500.0,1,0,1,1,0,2,3,0,274.0,1,0,3,1,2,1,1,2,1,0,574000.0,124.0
575,0.35,6500,1,5,8,0,478,6,87,25,0,419,0,0,1975,2,0,1950,2150,2050,1900,0,2000,3,3.0,500.0,2,1,0,1,0,2,3,1,275.0,2,0,1,1,2,2,1,3,1,0,575000.0,125.0
576,0.4,6600,0,6,9,0,479,7,88,26,0,420,2,0,1976,2,0,1952,2152,2052,1902,0,2002,4,2.5,0.0,2,0,1,1,0,2,3,1,276.0,3,0,3,1,2,3,1,2,1,0,576000.0,126.0
577,0.45,6700,1,7,10,0,480,8,89,27,0,421,0,0,1977,2,2,1954,2154,2054,1904,0,2004,2,3.0,500.0,1,0,0,1,0,2,3,0,277.0,1,0,1,1,2,1,1,3,1,0,577000.0,127.0
578,0.5,6800,0,8,11,0,481,9,90,28,0,422,2,0,1978,2,0,1956,2156,2056,1906,0,2006,3,2.5,500.0,2,0,1,1,0,2,3,1,278.0,2,0,3,1,2,2,1,2,1,0,578000.0,128.0
579,0.55,6900,1,9,12,0,482,10,91,29,0,423,0,0,1979,2,0,1958,2158,2058,1908,0,2008,4,3.0,500.0,2,0,0,1,0,2,3,1,279.0,3,0,1,1,2,3,1,3,1,0,579000.0,129.0
580,0.1,7000,0,0,8,0,483,1,93,31,0,425,2,0,1980,1,2,1960,2160,2060,1910,0,2010,2,2.5,0.0,1,1,1,1,0,2,3,0,280.0,1,0,3,1,2,1,1,2,1,0,580000.0,100.0
581,0.15,7100,1,1,9,0,484,2,94,32,0,426,0,0,1981,2,0,1962,2162,2062,1912,0,2012,3,3.0,500.0,2,0,0,1,0,2,3,1,281.0,2,0,1,1,2,2,1,3,1,0,581000.0,101.0
582,0.2,7200,0,2,10,0,485,3,95,33,0,427,2,0,1982,2,0,1964,2164,2064,1914,0,2014,4,2.5,500.0,2,0,1,1,0,2,3,1,282.0,3,0,3,1,2,3,1,2,1,0,582000.0,102.0
583,0.25,7300,1,3,11,0,486,4,96,34,0,428,0,0,1983,2,2,1966,2166,2066,1916,0,2016,2,3.0,500.0,1,0,0,1,0,2,3,0,283.0,1,0,1,1,2,1,1,3,1,0,583000.0,103.0
584,0.3,7400,0,4,12,0,487,5,97,35,0,429,2,0,1984,2,0,1968,2168,2068,1918,0,2018,3,2.5,0.0,2,0,1,1,0,2,3,1,284.0,2,0,3,1,2,2,1,2,1,0,584000.0,104.0
585,0.35,7500,1,5,8,0,488,6,98,36,0,430,0,0,1985,2,0,1970,2170,2070,1920,0,2020,4,3.0,500.0,2,1,0,1,0,2,3,1,285.0,3,0,1,1,2,3,1,3,1,0,585000.0,105.0
586,0.4,7600,0,6,9,0,489,7,99,37,0,431,2,0,1986,2,2,1972,2172,2072,1922,0,2022,2,2.5,500.0,1,0,1,1,0,2,3,0,286.0,1,0,3,1,2,1,1,2,1,0,586000.0,106.0
587,0.45,7700,1,7,10,0,490,8,100,38,0,432,0,0,1987,2,0,1974,2174,2074,1924,0,2024,3,3.0,500.0,2,0,0,1,0,2,3,1,287.0,2,0,1,1,2,2,1,3,1,0,587000.0,107.0
588,0.5,7800,0,8,11,0,491,9,101,39,0,433,2,0,1988,2,0,1976,2176,2076,1926,0,2026,4,2.5,0.0,2,0,1,1,0,2,3,1,288.0,3,0,3,1,2,3,1,2,1,0,588000.0,108.0
589,0.55,7900,1,9,12,0,492,10,102,40,0,434,0,0,1989,2,2,1978,2178,2078,1928,0,2028,2,3.0,500.0,1,0,0,1,0,2,3,0,289.0,1,0,1,1,2,1,1,3,1,0,589000.0,109.0
590,0.1,8000,0,0,8,0,493,1,104,42,0,436,2,0,1990,1,0,1980,2180,2080,1930,0,2030,3,2.5,500.0,2,1,1,1,0,2,3,1,290.0,2,0,3,1,2,2,1,2,1,0,590000.0,110.0
591,0.15,8100,1,1,9,0,494,2,105,43,0,437,0,0,1991,2,0,1982,2182,2082,1932,0,2032,4,3.0,500.0,2,0,0,1,0,2,3,1,291.0,3,0,1,1,2,3,1,3,1,0,591000.0,111.0
592,0.2,8200,0,2,10,0,495,3,106,44,0,438,2,0,1992,2,2,1984,2184,2084,1934,0,2034,2,2.5,0.0,1,0,1,1,0,2,3,0,292.0,1,0,3,1,2,1,1,2,1,0,592000.0,112.0
593,0.25,8300,1,3,11,0,496,4,107,45,0,439,0,0,1993,2,0,1986,2186,2086,1936,0,2036,3,3.0,500.0,2,0,0,1,0,2,3,1,293.0,2,0,1,1,2,2,1,3,1,0,593000.0,113.0
594,0.3,8400,0,4,12,0,497,5,108,46,0,440,2,0,1994,2,0,1988,2188,2088,1938,0,2038,4,2.5,500.0,2,0,1,1,0,2,3,1,294.0,3,0,3,1,2,3,1,2,1,0,594000.0,114.0
595,0.35,8500,1,5,8,0,498,6,109,47,0,441,0,0,1995,2,2,1990,2190,2090,1940,0,2040,2,3.0,500.0,1,1,0,1,0,2,3,0,295.0,1,0,1,1,2,1,1,3,1,0,595000.0,115.0
596,0.4,8600,0,6,9,0,499,7,110,48,0,442,2,0,1996,2,0,1992,2192,2092,1942,0,2042,3,2.5,0.0,2,0,1,1,0,2,3,1,296.0,2,0,3,1,2,2,1,2,1,0,596000.0,116.0
597,0.45,8700,1,7,10,0,500,8,111,49,0,443,0,0,1997,2,0,1994,2194,2094,1944,0,2044,4,3.0,500.0,2,0,0,1,0,2,3,1,297.0,3,0,1,1,2,3,1,3,1,0,597000.0,117.0
598,0.5,8800,0,8,11,0,501,9,112,50,0,444,2,0,1998,2,2,1996,2196,2096,1946,0,2046,2,2.5,500.0,1,0,1,1,0,2,3,0,298.0,1,0,3,1,2,1,1,2,1,0,598000.0,118.0
599,0.55,8900,1,9,12,0,502,10,113,51,0,445,0,0,1999,2,0,1998,2198,2098,1948,0,2048,3,3.0,500.0,2,0,0,1,0,2,3,1,299.0,2,0,1,1,2,2,1,3,1,0,599000.0,119.0
